Estadísticos;Repetición;Tiempo (micros);Fuerza (N);RFD (N/s)
Diferencia;;67753944;-43,7;-119,637
Promedio;;;1628,546;-0,645
Máximo;;;2798,72;12261,013

Muestra;Repetición;Tiempo (micros);Fuerza (N);RFD (N/s)
2;0;2544;101,92;230,244
3;0;14072;101,96;168,056
4;0;25572;105,79;77,445
5;0;37056;103,74;-255,875
6;0;48552;99,91;-9,59
7;0;59996;103,52;82,666
8;0;71536;101,81;-171,905
9;0;83032;99,56;-70,607
10;0;94480;100,19;-27,845
11;0;106016;98,92;-63,98
12;0;117456;98,72;56,224
13;0;128960;100,21;275,655
14;0;140492;105,07;417,897
15;0;151980;109,83;419,93
16;0;163472;114,72;310,543
17;0;174972;116,97;224,939
18;0;186456;119,89;217,183
19;0;197948;121,96;22,189
20;0;209440;120,4;-8,271
21;0;220920;121,77;91,819
22;0;232420;122,51;152,635
23;0;243916;125,28;69,602
24;0;255408;124,11;-100,922
25;0;266904;122,96;-174,904
26;0;278392;120,09;-325,557
27;0;289880;115,48;-383,812
28;0;301372;111,27;-560,727
29;0;312868;102,59;-696,015
30;0;324360;95,27;-479,864
31;0;335812;91,58;-204,847
32;0;347304;90,57;-101,828
33;0;358792;89,24;-127,524
34;0;370280;87,64;-38,288
35;0;381776;88,36;6,959
36;0;393272;87,8;54,386
37;0;404760;89,61;-62,206
38;0;416260;86,37;-286,771
39;0;427740;83,02;-200,174
40;0;439240;81,77;-76,535
41;0;450736;81,26;14,355
42;0;462228;82,1;114,012
43;0;473716;83,88;287,926
44;0;485220;88,72;548,887
45;0;496708;96,5;526,201
46;0;508196;100,81;443,885
47;0;519732;106,72;474,475
48;0;531232;111,74;270,917
49;0;542728;112,95;-245,431
50;0;554212;106,1;-506,18
51;0;565704;101,32;-175,805
52;0;577192;102,06;-73,977
53;0;588684;99,62;-61,018
54;0;600136;100,66;-16,093
55;0;611676;99,25;-447,703
56;0;623120;90,37;-825,048
57;0;634608;80,33;-593,788
58;0;646108;76,72;-236,21
59;0;657596;74,9;-80,926
60;0;669092;74,86;30,467
61;0;680572;75,6;12,182
62;0;692076;75,14;10,437
63;0;703568;75,84;16,101
64;0;715056;75,51;-89,208
65;0;726548;73,79;93,124
66;0;738036;77,65;87,452
67;0;749532;75,8;-196,659
68;0;761020;73,13;-199,739
69;0;772512;71,21;-215,802
70;0;784004;68,17;-183,139
71;0;795500;67;2,611
72;0;806980;68,23;1,741
73;0;818480;67,04;-103,55
74;0;829964;65,85;-4,352
75;0;841460;66,94;20,442
76;0;852956;66,32;138,285
77;0;864456;70,12;250,131
78;0;875944;72,07;141,09
79;0;887420;73,36;43,501
80;0;898932;73,07;-203,514
81;0;910416;68,68;-97,024
82;0;921916;70,84;238,385
83;0;933404;74,16;238,945
84;0;944892;76,33;104,402
85;0;956392;76,56;146,598
86;0;967880;79,7;178,354
87;0;979380;80,66;-33,943
88;0;990860;78,92;-107,012
89;0;1002368;78,2;-145,243
90;0;1013856;75,58;-87,452
91;0;1025352;76,19;80,07
92;0;1036836;77,42;40,021
93;0;1048340;77,11;-33,049
94;0;1059832;76,66;-206,266
95;0;1071320;72,37;-233,641
96;0;1082816;71,29;-100,505
97;0;1094304;70,06;-29,596
98;0;1105792;70,61;-33,061
99;0;1117292;69,3;-171,394
100;0;1128780;66,67;-120,624
101;0;1140256;66,53;-38,308
102;0;1151752;65,79;-140,992
103;0;1163236;63,29;-132,289
104;0;1174732;62,75;-75,23
105;0;1186232;61,56;23,503
106;0;1197708;63,29;25,239
107;0;1209212;62,14;-78,682
108;0;1220712;61,48;-54,386
109;0;1232196;60,89;-14,365
110;0;1243684;61,15;215,802
111;0;1255180;65,85;368,824
112;0;1266676;69,63;274,104
113;0;1278164;72,15;105,327
114;0;1289652;72,05;46,578
115;0;1301136;73,22;175,744
116;0;1312640;76,09;202,315
117;0;1324120;77,87;-12,622
118;0;1335616;75,8;-321,149
119;0;1347100;70,49;-154,563
120;0;1358584;72,25;11,31
121;0;1370088;70,75;-295,32
122;0;1381576;65,46;-386,356
123;0;1393072;61,87;-117,038
124;0;1404560;62,77;146,649
125;0;1416052;65,24;215,33
126;0;1427548;67,72;107,882
127;0;1439040;67,72;93,56
128;0;1450528;69,87;349,748
129;0;1462028;75,76;347,138
130;0;1473516;77,85;265,93
131;0;1485004;81,87;442,917
132;0;1496500;88,03;487,465
133;0;1507980;93,07;455,178
134;0;1519480;98,49;457,036
135;0;1530976;103,58;591,248
136;0;1542516;112,11;541,515
137;0;1554004;116,05;244,56
138;0;1565496;117,73;279,179
139;0;1577000;122,47;222,29
140;0;1588484;122,84;-241,121
141;0;1599976;116,93;-515,141
142;0;1611468;111;-385,486
143;0;1622960;108,07;-357,702
144;0;1634448;102,78;-231,86
145;0;1645948;102,74;-41,333
146;0;1657432;101,83;-123,151
147;0;1668928;99,91;-105,456
148;0;1680380;99,41;-192,609
149;0;1691876;95,49;-446,04
150;0;1703360;89,16;-472,15
151;0;1714856;84,64;-373,238
152;0;1726348;80,58;-186,184
153;0;1737844;80,36;11,745
154;0;1749336;80,85;-110,096
155;0;1760824;77,83;-230,635
156;0;1772316;75,55;-130,983
157;0;1783804;74,82;-31,772
158;0;1795292;74,82;-147,494
159;0;1806788;71,43;-291,942
160;0;1818276;68,11;-192,709
161;0;1829776;67;-72,237
162;0;1841256;66,45;-150,157
163;0;1852752;63,55;-92,238
164;0;1864240;64,33;241,907
165;0;1875736;69,11;246,693
166;0;1887224;70;15,236
167;0;1898708;69,46;62,217
168;0;1910208;71,43;140,943
169;0;1921696;72,7;89,208
170;0;1933188;73,48;93,141
171;0;1944672;74,84;134,9
172;0;1956168;76,58;30,031
173;0;1967648;75,53;101,828
174;0;1979148;78,92;139,203
175;0;1990636;78,73;-4,35
176;0;2002136;78,82;-148,773
177;0;2013624;75,31;-258,921
178;0;2025116;72,87;-203,62
179;0;2036608;70,63;-161,88
180;0;2048096;69,15;-173,134
181;0;2059596;66,65;-192,743
182;0;2071080;64,72;-69,626
183;0;2082576;65,05;-118,778
184;0;2094064;61,99;-131,831
185;0;2105560;62,02;90,513
186;0;2117044;64,07;268,681
187;0;2128524;68,19;249,739
188;0;2140028;69,81;5,219
189;0;2151516;68,31;-133,113
190;0;2163016;66,75;-28,29
191;0;2174492;67,66;336,178
192;0;2185980;74,47;470,245
193;0;2197480;78,47;-85,652
194;0;2208980;72,5;-340,177
195;0;2220468;70,65;24,817
196;0;2231948;73,07;246,43
197;0;2243436;76,31;296,242
198;0;2254936;79,88;122,195
199;0;2266432;79,12;28,726
200;0;2277912;80,54;330,46
201;0;2289400;86,71;354,036
202;0;2300904;88,68;184,847
203;0;2312392;90,96;272,458
204;0;2323880;94,94;165,419
205;0;2335364;94,76;81,389
206;0;2346856;96,81;61,326
207;0;2358356;96,17;-277,536
208;0;2369844;90,43;-326,977
209;0;2381324;88,66;-261,577
210;0;2392820;84,42;-236,169
211;0;2404316;83,23;-93,946
212;0;2415812;82,26;-129,655
213;0;2427300;80,25;-111,421
214;0;2438788;79,7;-130,09
215;0;2450284;77,26;-273,234
216;0;2461772;73,42;-293,631
217;0;2473272;70,51;-173,194
218;0;2484752;69,44;-96,623
219;0;2496248;68,29;-104,402
220;0;2507740;67,04;-133,618
221;0;2519224;65,22;-140,049
222;0;2530732;63,82;-190,969
223;0;2542212;60,83;-104,457
224;0;2553708;61,42;168,378
225;0;2565196;64,7;241,037
226;0;2576692;66,96;-30,021
227;0;2588180;64,01;-173,254
228;0;2599664;62,98;-192,308
229;0;2611164;59,59;20,445
230;0;2622652;63,45;332,405
231;0;2634148;67,23;-94,446
232;0;2645628;61,28;-281,647
233;0;2657120;60,76;59,596
234;0;2668616;62,65;138,357
235;0;2680104;63,94;94,011
236;0;2691592;64,81;61,804
237;0;2703080;65,36;-62,63
238;0;2714584;63,37;-200,07
239;0;2726072;60,76;-182,301
240;0;2737568;59,18;-35,689
241;0;2749048;59,94;26,98
242;0;2760548;59,8;-136,593
243;0;2772036;56,8;18,715
244;0;2783524;60,23;138,405
245;0;2795012;59,98;23,06
246;0;2806508;60,76;167,015
247;0;2818004;63,82;-18,702
248;0;2829500;60,33;-33,066
249;0;2840988;63,06;157,148
250;0;2852472;63,94;-8,7
251;0;2863976;62,86;14,348
252;0;2875472;64,27;22,189
253;0;2886960;63,37;58,312
254;0;2898452;65,61;148,825
255;0;2909940;66,79;114,012
256;0;2921432;68,23;-14,79
257;0;2932928;66,45;-81,361
258;0;2944416;66,36;-96,656
259;0;2955896;64,23;-57,866
260;0;2967400;65,03;35,671
261;0;2978884;65,05;17,845
262;0;2990376;65,44;12,615
263;0;3001872;65,34;19,579
264;0;3013360;65,89;87,467
265;0;3024852;67,35;-26,531
266;0;3036352;65,28;-98,312
267;0;3047840;65,09;-17,848
268;0;3059324;64,87;10,881
269;0;3070816;65,34;17,838
270;1;3082308;65,28;-118,758
271;1;3093804;62,61;-56,571
272;1;3105288;63,98;156,304
273;1;3116772;66,2;138,333
274;1;3128276;67,16;36,534
275;1;3139764;67,04;-80,926
276;1;3151260;65,3;-100,957
277;1;3162744;64,72;96,171
278;1;3174240;67,51;225,691
279;1;3185740;69,91;84,812
280;1;3197232;69,46;63,556
281;1;3208712;71,37;100,104
282;1;3220208;71,76;77,432
283;1;3231700;73,15;106,124
284;1;3243200;74,2;43,066
285;1;3254688;74,14;-79,648
286;1;3266176;72,37;-12,615
287;1;3277676;73,85;355,465
288;1;3289160;80,54;252,046
289;1;3300648;79,64;-100,104
290;1;3312136;78,24;21,319
291;1;3323632;80,13;225,731
292;1;3335128;83,43;284,546
293;1;3346616;86,67;293,683
294;1;3358112;90,18;146,624
295;1;3369600;90,04;-6,093
296;1;3381088;90,04;147,981
297;1;3392576;93,44;315,002
298;1;3404072;97,28;271,54
299;1;3415556;99,68;105,346
300;1;3427044;99,7;-63,511
301;1;3438544;98,22;-7,829
302;1;3450036;99,52;86,567
303;1;3461532;100,21;-3,91
304;1;3473056;99,43;76,153
305;1;3484512;101,96;104,402
306;1;3496044;101,83;-25,191
307;1;3507536;101,38;-149,669
308;1;3519028;98,39;-77,621
309;1;3530468;99,6;127,724
310;1;3541968;101,32;234,85
311;1;3553504;105,01;215,862
312;1;3564992;106,29;15,231
313;1;3576484;105,36;68,285
314;1;3587984;107,86;197,529
315;1;3599468;109,9;44,829
316;1;3610960;108,89;-232,336
317;1;3622452;104,56;-378,59
318;1;3633940;100,19;-141,838
319;1;3645436;101,3;25,239
320;1;3656920;100,77;-41,783
321;1;3668412;100,34;-45,7
322;1;3679896;99,72;-102,877
323;1;3691352;97,98;118,114
324;1;3702840;102,43;201,928
325;1;3714380;102,63;-155,843
326;1;3725876;98,84;-201,972
327;1;3737304;98;4,364
328;1;3748792;98,94;33,066
329;1;3760288;98,76;-208,841
330;1;3771776;94,14;-213,664
331;1;3783268;93,85;-33,937
332;1;3794760;93,36;-26,531
333;1;3806260;93,24;33,943
334;1;3817740;94,14;225,927
335;1;3829232;98,43;380,331
336;1;3840720;102,88;217,165
337;1;3852256;103,43;175,439
338;1;3863748;106,92;307,17
339;1;3875240;110,49;230,24
340;1;3886724;112,21;184,943
341;1;3898220;114,74;260,571
342;1;3909712;118,2;229,37
343;1;3921196;120,01;51,802
344;1;3932684;119,39;-174,996
345;1;3944168;115,99;-30,021
346;1;3955668;118,7;185,717
347;1;3967160;120,26;124,869
348;1;3978652;121,57;-61,804
349;1;3990136;118,84;-79,621
350;1;4001636;119,74;80,463
351;1;4013128;120,69;-68,743
352;1;4024620;118,16;-257,091
353;1;4036116;114,78;-199,774
354;1;4047596;113,57;-29,591
355;1;4059096;114,1;-59,172
356;1;4070580;112,21;-87,452
357;1;4082080;112,09;-165,883
358;1;4093548;108,4;-251,654
359;1;4105048;106,31;180,932
360;1;4116540;112,56;260,616
361;1;4128032;112,3;-27,406
362;1;4139528;111,93;-43,967
363;1;4151004;111,29;51,802
364;1;4162500;113,12;-130,045
365;1;4173996;108,3;-382,808
366;1;4185488;104,32;-202,82
367;1;4196972;103,64;-20,891
368;1;4208464;103,84;-29,586
369;1;4219956;102,96;-119,234
370;1;4231444;101,1;11,747
371;1;4242940;103,23;36,547
372;1;4254428;101,94;-165,332
373;1;4265924;99,43;-283,833
374;1;4277364;95,43;-158,294
375;1;4288856;95,8;127,133
376;1;4300332;98,35;95,735
377;1;4311836;98;37,411
378;1;4323320;99,21;174,064
379;1;4334816;102;79,917
380;1;4346344;101,05;5,214
381;1;4357832;102,12;79,607
382;1;4369332;102,88;141,788
383;1;4380824;105,38;130,09
384;1;4392316;105,87;67,921
385;1;4403792;106,94;112,726
386;1;4415292;108,46;-26,531
387;1;4426784;106,33;-123,172
388;1;4438268;105,63;41,783
389;1;4449760;107,29;178,509
390;1;4461236;109,73;166,232
391;1;4472740;111,11;98,261
392;1;4484236;111,99;-42,211
393;1;4495720;110,14;-99,234
394;1;4507212;109,71;-46,103
395;1;4518712;109,08;-27,42
396;1;4530188;109,08;120,146
397;1;4541684;111,84;247,912
398;1;4553180;114,78;139,276
399;1;4564660;115,04;-51,793
400;1;4576156;113,59;-96,137
401;1;4587648;112,83;0
402;1;4599132;113,59;16,98
403;1;4610616;113,22;114,863
404;1;4622116;116,23;66,098
405;1;4633612;114,74;-125,718
406;1;4645104;113,34;-63,545
407;1;4656588;113,28;-121,473
408;1;4668072;110,55;-0,87
409;1;4679572;113,26;83,058
410;1;4691068;112,46;-61,771
411;1;4702560;111,84;5,223
412;1;4714044;112,58;-13,059
413;1;4725532;111,54;-146,189
414;1;4737028;109,22;-133,113
415;1;4748520;108,48;73,964
416;1;4760012;110,92;122,323
417;1;4771492;111,29;57,016
418;1;4782988;112,23;-72,199
419;1;4794484;109,63;-113,122
420;1;4805972;109,63;32,213
421;1;4817456;110,37;-138,405
422;1;4828948;106,45;-190,198
423;1;4840432;106;-3,483
424;1;4851920;106,37;152,742
425;1;4863412;109,51;292,914
426;1;4874896;113,1;175,836
427;1;4886388;113,55;-110,077
428;1;4897880;110,57;-98,329
429;1;4909372;111,29;3,481
430;1;4920860;110,65;-45,708
431;1;4932344;110,24;87,918
432;1;4943836;112,67;67,873
433;1;4955328;111,8;-32,213
434;1;4966808;111,93;26,994
435;1;4978296;112,42;96,187
436;1;4989784;114,14;11,753
437;1;5001268;112,69;-63,109
438;1;5012760;112,69;74,848
439;1;5024248;114,41;-27,87
440;1;5035724;112,05;-113,617
441;1;5047220;111,8;123,978
442;1;5058712;114,9;132,312
443;1;5070196;114,84;-188,523
444;1;5081680;110,57;-252,785
445;1;5093180;109,03;93,995
446;1;5104660;112,73;125,348
447;1;5116156;111,91;-107,031
448;1;5127644;110,27;78,356
449;1;5139128;113,71;215,877
450;1;5150620;115,23;115,278
451;1;5162116;116,36;-69,626
452;1;5173600;113,63;-183,299
453;1;5185084;112,15;14,358
454;1;5196584;113,96;38,274
455;1;5208076;113,03;-44,822
456;1;5219564;112,93;-61,347
457;1;5231060;111,62;56,136
458;1;5242544;114,22;167,943
459;1;5254044;115,48;-105,254
460;1;5265536;111,8;-196,659
461;1;5277028;110,96;94,011
462;1;5288512;113,96;152,795
463;1;5300000;114,47;-29,591
464;1;5311492;113,28;-18,709
465;1;5322984;114,04;-16,977
466;1;5334464;112,89;39,185
467;1;5345952;114,94;113,498
468;1;5357460;115,5;-23,921
469;1;5368944;114,39;-26,114
470;1;5380436;114,9;-127,96
471;1;5391920;111,45;-59,607
472;1;5403420;113,53;130,48
473;1;5414912;114,45;-160,084
474;1;5426408;109,85;-214,932
475;1;5437896;109,51;-12,187
476;1;5449384;109,57;224,147
477;1;5460872;114,66;119,669
478;1;5472364;112,32;-42,218
479;1;5483848;113,69;69,638
480;1;5495340;113,92;67,003
481;1;5506832;115,23;50,026
482;1;5518328;115,07;-151,898
483;1;5529808;111,74;-141,477
484;1;5541300;111,82;-84,001
485;1;5552784;109,81;51,775
486;1;5564284;113,01;212,683
487;1;5575776;114,7;16,965
488;1;5587272;113,4;26,549
489;1;5598752;115,31;10,01
490;1;5610248;113,63;-2,611
491;1;5621732;115,25;-67,026
492;1;5633224;112,09;-40,919
493;1;5644704;114,31;74,003
494;1;5656196;113,79;-44,814
495;1;5667688;113,28;-22,189
496;1;5679180;113,28;-67,026
497;1;5690664;111,74;-96,171
498;1;5702160;111,07;-197,265
499;1;5713628;107,21;-185,878
500;1;5725132;106,8;25,657
501;1;5736624;107,8;-1,74
502;1;5748116;106,76;122,302
503;1;5759600;110,61;248,869
504;1;5771100;112,48;81,347
505;1;5782588;112,48;21,319
506;1;5794084;112,97;49,156
507;1;5805576;113,61;-136,593
508;1;5817072;109,83;-123,999
509;1;5828560;110,76;-25,67
510;1;5840056;109,24;-209,675
511;1;5851548;105,94;-56,146
512;1;5863032;107,95;147,955
513;1;5874528;109,34;32,185
514;1;5886024;108,69;-115,692
515;1;5897520;106,68;-62,641
516;1;5909012;107,25;78,343
517;1;5920496;108,48;-74,874
518;1;5931984;105,53;-80,491
519;1;5943480;106,63;80,912
520;1;5954972;107,39;91,352
521;1;5966468;108,73;-46,111
522;1;5977960;106,33;-59,161
523;1;5989456;107,37;198,799
524;1;6000948;110,9;27,855
525;1;6012432;108,01;-158,889
526;1;6023920;107,25;113,083
527;1;6035424;110,61;182,704
528;1;6046908;111,45;-20,453
529;1;6058404;110,14;-139,227
530;1;6069892;108,25;-50,923
531;1;6081380;108,97;66,133
532;1;6092876;109,77;-42,631
533;1;6104368;107,99;-226,758
534;1;6115852;104,56;-49,173
535;1;6127348;106,86;165,332
536;1;6138836;108,36;8,702
537;1;6150332;107,06;98,764
538;1;6161820;110,63;151,001
539;1;6173312;110,53;-149,591
540;1;6184816;107,19;-185,749
541;1;6196300;106,26;-84,871
542;1;6207792;105,24;-94,446
543;1;6219276;104,09;-152,848
544;1;6230756;101,73;-23,056
545;1;6242264;103,56;94,766
546;1;6253760;103,91;-93,124
547;1;6265244;101,42;-73,568
548;1;6276732;102,22;23,491
549;1;6288232;101,96;-82,666
550;1;6299716;100,32;73,107
551;1;6311212;103,64;179,224
552;1;6322704;104,44;55,294
553;1;6334180;104,91;-57,016
554;1;6345680;103,13;-95,267
555;1;6357168;102,72;-42,203
556;1;6368664;102,16;-123,564
557;1;6380152;99,88;-130,385
558;1;6391596;99,17;54,045
559;1;6403096;101,12;72,074
560;1;6414628;100,83;6,081
561;1;6426120;101,26;48,311
562;1;6437604;101,94;-6,091
563;1;6449104;101,12;10,437
564;1;6460600;102,18;70,496
565;1;6472084;102,74;33,96
566;1;6483568;102,96;21,323
567;1;6495064;103,23;4,349
568;1;6506560;103,06;-27,855
569;1;6518040;102,59;-42,646
570;1;6529540;102,08;16,971
571;1;6541020;102,98;32,191
572;1;6552528;102,82;-23,921
573;1;6564012;102,43;38,294
574;1;6575508;103,7;34,807
575;1;6586996;103,23;-46,538
576;1;6598500;102,63;-95,702
577;1;6609984;101,03;-57,026
578;1;6621472;101,32;154,428
579;1;6632972;104,58;182,301
580;1;6644456;105,51;22,624
581;1;6655956;105,1;-122,216
582;1;6667448;102,7;-61,771
583;1;6678944;103,68;13,059
584;1;6690420;103;0
585;1;6701908;103,68;-46,103
586;1;6713412;101,94;-52,618
587;1;6724904;102,47;48,73
588;1;6736396;103,06;15,236
589;1;6747876;102,82;24,361
590;1;6759384;103,62;117,826
591;1;6770876;105,53;23,068
592;1;6782360;104,15;34,825
593;1;6793848;106,33;46,546
594;1;6805348;105,22;-4,784
595;1;6816840;106,22;-20,445
596;1;6828336;104,75;-176,675
597;1;6839820;102,16;-73,555
598;1;6851312;103,06;170,583
599;1;6862800;106,08;114,427
600;1;6874296;105,69;-93,543
601;1;6885784;103,93;10,877
602;1;6897280;105,94;37,404
603;1;6908776;104,79;20,453
604;1;6920260;106,41;88,338
605;1;6931756;106,82;20,445
606;1;6943248;106,88;126,676
607;1;6954728;109,73;127,48
608;1;6966232;109,81;-61,336
609;1;6977716;108,32;-201,515
610;1;6989208;105,18;-1,741
611;1;7000692;108,28;262,356
612;1;7012192;111,21;196,991
613;1;7023688;112,81;41,775
614;1;7035172;112,17;-150,131
615;1;7046668;109,36;-55,265
616;1;7058152;110,9;167,943
617;1;7069652;113,22;144,398
618;1;7081144;114,22;16,965
619;1;7092640;113,61;13,488
620;1;7104128;114,53;21,323
621;1;7115620;114,1;-130,068
622;1;7127116;111,54;-172,264
623;1;7138608;110,14;-249,347
624;1;7150096;105,81;-103,604
625;1;7161580;107,76;166,26
626;1;7173072;109,63;73,082
627;1;7184568;109,44;14,36
628;1;7196052;109,96;60,084
629;1;7207536;110,82;38,301
630;1;7219028;110,84;-0,87
631;1;7230520;110,8;22,189
632;1;7242012;111,35;15,233
633;1;7253496;111,15;144,959
634;1;7264984;114,68;147,033
635;1;7276484;114,53;-170,494
636;1;7287976;110,76;-145,293
637;1;7299472;111,19;3,481
638;1;7310956;110,84;-65,263
639;1;7322456;109,69;-108,771
640;1;7333940;108,34;131,442
641;1;7345432;112,71;244,433
642;1;7356932;113,96;122,259
643;1;7368416;115,52;57,016
644;1;7379908;115,27;107,901
645;1;7391400;118;176,675
646;1;7402888;119,33;30,456
647;1;7414384;118,7;21,315
648;1;7425876;119,82;30,021
649;1;7437368;119,39;-5,22
650;1;7448864;119,7;40,477
651;1;7460344;120,32;-16,104
652;1;7471840;119,33;5,22
653;1;7483332;120,44;47,416
654;1;7494828;120,42;-30,461
655;1;7506312;119,74;36,573
656;1;7517796;121,26;-16,095
657;1;7529300;119,37;49,156
658;1;7540784;122,39;283,438
659;1;7552268;125,88;102,716
660;1;7563760;124,75;-127,937
661;1;7575248;122,94;-90,917
662;1;7586748;122,66;51,748
663;1;7598244;124,13;106,161
664;1;7609732;125,1;126,241
665;1;7621216;127,03;30,891
666;1;7632716;125,81;1,74
667;1;7644208;127,07;126,219
668;1;7655692;128,71;27,406
669;1;7667196;127,7;-133,113
670;1;7678680;125,65;-168,407
671;1;7690176;123,83;-43,493
672;1;7701672;124,65;-113,537
673;1;7713164;121,22;-273,329
674;1;7724648;118,37;-125,783
675;1;7736140;118,33;163,129
676;1;7747636;122,12;274,878
677;1;7759132;124,65;163,621
678;1;7770616;125,88;23,076
679;1;7782100;125,18;-52,645
680;1;7793600;124,67;146,112
681;1;7805096;128,54;193,579
682;1;7816588;129,12;26,98
683;1;7828076;129,16;20,449
684;1;7839572;129,59;44,371
685;1;7851064;130,18;-19,582
686;1;7862552;129,14;-117,473
687;1;7874048;127,48;-60,052
688;1;7885532;127,76;-26,11
689;1;7897028;126,88;-53,506
690;1;7908520;126,53;13,485
691;1;7920016;127,19;189,295
692;1;7931500;130,88;292,044
693;1;7942992;133,9;89,192
694;1;7954484;132,93;-133,113
695;1;7965980;130,84;-146,189
696;1;7977468;129,57;-180,219
697;1;7988952;126,7;-90,933
698;1;8000452;127,48;36,534
699;1;8011944;127,54;46,119
700;1;8023436;128,54;-98,364
701;1;8034920;125,28;-205,032
702;1;8046408;123,83;-20,449
703;1;8057904;124,81;90,078
704;1;8069388;125,9;23,946
705;1;8080872;125,36;-76,18
706;1;8092360;124,15;-63,098
707;1;8103852;123,91;2,611
708;1;8115336;124,21;-27,86
709;1;8126824;123,27;-64,862
710;1;8138308;122,72;-217,581
711;1;8149804;118,27;-86,567
712;1;8161296;120,73;132,678
713;1;8172792;121,32;6,089
714;1;8184288;120,87;33,084
715;1;8195764;122,08;94,882
716;1;8207264;123,05;137,463
717;1;8218752;125,24;82,652
718;1;8230252;124,95;-31,326
719;1;8241736;124,52;-46,973
720;1;8253244;123,87;-147,878
721;1;8264728;121,12;-135,747
722;1;8276228;120,75;50,878
723;1;8287724;122,29;156,25
724;1;8299204;124,34;181,897
725;1;8310704;126,47;83,058
726;1;8322200;126,25;-30,451
727;1;8333692;125,77;66,591
728;1;8345176;127,78;189,262
729;1;8356676;130,12;154,375
730;1;8368172;131,33;147,52
731;1;8379656;133,51;184,073
732;1;8391152;135,56;191,873
733;1;8402640;137,92;106,161
734;1;8414136;138;33,948
735;1;8425616;138,7;28,721
736;1;8437116;138,66;106,142
737;1;8448604;141,14;232,73
738;1;8460104;144,01;-91,787
739;1;8471592;139,03;-223,238
740;1;8483084;138,88;-110,096
741;1;8494572;136,5;-55,285
742;1;8506056;137,61;158,778
743;1;8517560;140,15;-7,829
744;1;8529048;137,43;3,046
745;1;8540540;140,22;-27,85
746;1;8552028;136,79;-246,65
747;1;8563528;134,55;-49,165
748;1;8575012;135,66;-56,146
749;1;8586504;133,26;-190,969
750;1;8598000;131,27;-164,113
751;1;8609476;129,49;-80,084
752;1;8620976;129,43;181,771
753;1;8632472;133,67;190,165
754;1;8643956;133,8;-164,983
755;1;8655444;129,88;-303,69
756;1;8666940;126,82;-300,209
757;1;8678428;122,98;-247,171
758;1;8689920;121,14;-148,799
759;1;8701412;119,56;-136,641
760;1;8712900;118;-65,297
761;1;8724384;118,06;12,617
762;1;8735884;118,29;154,402
763;1;8747376;121,61;221,971
764;1;8758860;123,39;107,939
765;1;8770352;124,09;28,731
766;1;8781832;124,05;147,545
767;1;8793328;127,48;287,541
768;1;8804820;130,66;30,031
769;1;8816304;128,17;-100,07
770;1;8827804;128,36;162,694
771;1;8839292;131,91;224,978
772;1;8850784;133,53;140,122
773;1;8862272;135,13;64,404
774;1;8873764;135,01;52,645
775;1;8885256;136,34;16,965
776;1;8896752;135,4;94,414
777;1;8908240;138,51;277,729
778;1;8919724;141,78;165,332
779;1;8931224;142,31;131,808
780;1;8942712;144,81;122,238
781;1;8954212;145,12;62,641
782;1;8965700;146,25;130,938
783;1;8977200;148,13;183,574
784;1;8988688;150,47;161,852
785;1;9000184;151,85;-148,773
786;1;9011676;147,05;-349,991
787;1;9023156;143,81;-158,751
788;1;9034668;143,4;165,681
789;1;9046152;147,62;94,463
790;1;9057640;145,57;-189,361
791;1;9069124;143,27;-159,732
792;1;9080616;141,9;-188,425
793;1;9092104;138,94;-416,014
794;1;9103596;132,34;-377,285
795;1;9115084;130,27;-138,429
796;1;9126568;129,16;-164,519
797;1;9138060;126,49;-203,584
798;1;9149556;124,48;-40,014
799;1;9161052;125,57;-25,674
800;1;9172536;123,89;-55,275
801;1;9184028;124,3;55,256
802;1;9195520;125,16;79,172
803;1;9207016;126,12;76,575
804;1;9218504;126,92;-84,886
805;1;9229988;124,17;-45,249
806;1;9241488;125,88;93,946
807;1;9252980;126,33;-68,732
808;1;9264476;124,3;-101,863
809;1;9275952;123,99;146,24
810;1;9287452;127,66;327,505
811;1;9298944;131,52;324,195
812;1;9310432;135,11;503,306
813;1;9321932;143,09;487,635
814;1;9333400;146,31;132,701
815;1;9344916;146,14;50,87
816;1;9356400;147,48;-73,107
817;1;9367896;144,46;-167,102
818;1;9379380;143,64;-73,99
819;1;9390872;142,76;30,461
820;1;9402360;144,34;167,943
821;1;9413856;146,62;193,613
822;1;9425344;148,79;63,12
823;1;9436828;148,07;-91,819
824;1;9448324;146,68;79,593
825;1;9459820;149,9;174,874
826;1;9471312;150,7;-94,882
827;1;9482796;147,72;-134,03
828;1;9494292;147,62;-124,826
829;1;9505788;144,85;5,222
830;1;9517272;147,74;201,915
831;1;9528768;149,49;93,124
832;1;9540252;149,88;-33,937
833;1;9551752;148,71;-86,567
834;1;9563240;147,89;-203,62
835;1;9574736;144,03;-422,18
836;1;9586216;138,19;-407,746
837;1;9597716;134,66;-140,508
838;1;9609204;134,96;192,743
839;1;9620700;139,09;307,17
840;1;9632188;142,02;254,267
841;1;9643668;144,93;183,171
842;1;9655172;146,23;-187,022
843;1;9666660;140,63;-403,829
844;1;9678152;136,95;-79,634
845;1;9689640;138,8;259,836
846;1;9701128;142,92;252,002
847;1;9712616;144,59;126,241
848;1;9724100;145,82;-26,98
849;1;9735596;143,97;-47,424
850;1;9747084;144,73;-28,721
851;1;9758576;143,31;-319,408
852;1;9770064;137,39;-385,62
853;1;9781552;134,45;-45,708
854;1;9793036;136,34;273,376
855;1;9804524;140,73;202,785
856;1;9816016;141;26,549
857;1;9827500;141,34;40,905
858;1;9838996;141,94;62,685
859;1;9850472;142,78;137,535
860;1;9861972;145,1;-74,835
861;1;9873456;141,06;-219
862;1;9884940;140,07;66,168
863;1;9896428;142,58;200,244
864;1;9907912;144,67;31,772
865;1;9919404;143,31;-72,212
866;1;9930900;143,01;-23,934
867;1;9942384;142,76;-148,467
868;1;9953868;139,6;-59,607
869;1;9965368;141,39;217,108
870;1;9976852;144,59;177,638
871;1;9988336;145,47;74,003
872;1;9999824;146,29;-22,632
873;1;10011312;144,95;-11,749
874;1;10022804;146,02;5,658
875;1;10034288;145,08;-169,772
876;1;10045776;142,12;-63,534
877;1;10057268;143,62;130,526
878;1;10068760;145,12;57,856
879;1;10080256;144,95;62,674
880;1;10091736;146,56;171,483
881;1;10103232;148,89;96,187
882;1;10114712;148,77;-56,136
883;1;10126212;147,6;-10,877
884;1;10137696;148,52;99,234
885;1;10149188;149,88;-20,46
886;1;10160668;148,05;-97,561
887;1;10172148;147,64;-14,355
888;1;10183656;147,72;-181,802
889;1;10195140;143,46;-135,406
890;1;10206624;144,61;284,744
891;1;10218108;150;259,927
892;1;10229592;150,58;66,991
893;1;10241096;151,54;39,144
894;1;10252584;151,48;-112,33
895;1;10264064;148,96;-202,962
896;1;10275544;146,82;-148,39
897;1;10287044;145,55;105,272
898;1;10298532;149,24;120,582
899;1;10310016;148,32;-32,219
900;1;10321500;148,5;-6,963
901;1;10332996;148,16;150,052
902;1;10344492;151,95;29,161
903;1;10355972;148,83;-228,539
904;1;10367464;146,7;-19,589
905;1;10378944;148,38;93,608
906;1;10390432;148,85;34,813
907;1;10401924;149,18;-130,961
908;1;10413416;145,84;-147,136
909;1;10424896;145,8;75,718
910;1;10436396;147,58;118,364
911;1;10447876;148,52;10,883
912;1;10459368;147,83;-111,421
913;1;10470852;145,96;-81,432
914;1;10482332;145,96;-72,237
915;1;10493832;144,3;-82,217
916;1;10505320;144,07;-39,178
917;1;10516804;143,4;91,4
918;1;10528296;146,17;194,517
919;1;10539784;147,87;-9,138
920;1;10551276;145,96;-76,166
921;1;10562760;146,12;-68,767
922;1;10574252;144,38;-198,903
923;1;10585736;141,55;-126,676
924;1;10597224;141,47;73,107
925;1;10608716;143,23;158,861
926;1;10620200;145,12;100,087
927;1;10631696;145,53;-54,424
928;1;10643168;143,87;-134,1
929;1;10654664;142,45;-52,654
930;1;10666148;142,66;-22,197
931;1;10677640;141,94;48,32
932;1;10689120;143,77;147,084
933;1;10700620;145,32;78,288
934;1;10712112;145,57;-129,288
935;1;10723592;142,35;-202,856
936;1;10735084;140,91;-150,157
937;1;10746568;138,9;65,297
938;1;10758056;142,41;241,079
939;1;10769548;144,44;11,747
940;1;10781040;142,68;-102,734
941;1;10792520;142,08;92,722
942;1;10804012;144,81;149,234
943;1;10815504;145,51;-177,577
944;1;10826988;140,73;-285,08
945;1;10838480;138,96;-10,885
946;1;10849956;140,48;89,674
947;1;10861452;141,02;-90,063
948;1;10872940;138,41;33,943
949;1;10884432;141,8;123,129
950;1;10895924;141,24;-167,102
951;1;10907412;137,96;34,831
952;1;10918892;142,04;186,814
953;1;10930376;142,25;45,676
954;1;10941880;143,09;-50,061
955;1;10953348;141,1;-176,706
956;1;10964856;139,03;-117,038
957;1;10976332;138,41;46,151
958;1;10987824;140,09;172,324
959;1;10999312;142,37;-4,352
960;1;11010804;139,99;-1,741
961;1;11022292;142,33;142,733
962;1;11033784;143,27;-46,57
963;1;11045268;141,26;-36,573
964;1;11056752;142,43;38,288
965;1;11068252;142,14;-31,326
966;1;11079736;141,71;-122,28
967;1;11091232;139,33;-62,228
968;1;11102716;140,28;26,123
969;1;11114200;139,93;-0,87
970;1;11125700;140,26;90,933
971;1;11137184;142,02;-43,111
972;1;11148664;139,27;-168,031
973;1;11160156;138,16;-75,705
974;1;11171648;137,53;-117,514
975;1;11183132;135,46;-105,327
976;1;11194624;135,11;57,006
977;1;11206112;136,77;119,732
978;1;11217592;137,86;115,338
979;1;11229088;139,42;77,459
980;1;11240572;139,64;9,575
981;1;11252064;139,64;140,146
982;1;11263548;142,86;150,183
983;1;11275036;143,09;-11,318
984;1;11286520;142,6;16,104
985;1;11298012;143,46;-62,652
986;1;11309504;141,16;-104,457
987;1;11320988;141,06;-72,249
988;1;11332480;139,5;-52,645
989;1;11343972;139,85;-99,199
990;1;11355464;137,22;-174,095
991;1;11366948;135,85;131,464
992;1;11378436;140,24;235,422
993;1;11389928;141,26;10,446
994;1;11401412;140,48;-79,213
995;1;11412904;139,44;-113,162
996;1;11424388;137,88;-35,683
997;1;11435884;138,62;-22,62
998;1;11447376;137,36;-63,545
999;1;11458860;137,16;3,916
1000;1;11470356;137,45;33,078
1001;1;11481836;137,92;-24,382
1002;1;11493324;136,89;-94,865
1003;1;11504816;135,74;-2,611
1004;1;11516308;136,83;3,918
1005;1;11527784;135,83;94,898
1006;1;11539280;139,01;258,966
1007;1;11550760;141,78;64,862
1008;1;11562252;140,5;-182,301
1009;1;11573744;137,59;-99,687
1010;1;11585224;138,21;-38,294
1011;1;11596724;136,71;-35,665
1012;1;11608216;137,39;89,224
1013;1;11619700;138,76;30,042
1014;1;11631184;138,08;158,861
1015;1;11642676;142,41;350,679
1016;1;11654168;146,14;405,205
1017;1;11665652;151,72;774,286
1018;1;11677144;163,93;908,339
1019;1;11688628;172,59;541,775
1020;1;11700124;176,38;95,284
1021;1;11711612;174,78;-107,05
1022;1;11723104;173,92;-225,888
1023;1;11734588;169,59;-316,797
1024;1;11746084;166,64;-130,938
1025;1;11757576;166,58;163,157
1026;1;11769068;170,39;514,975
1027;1;11780548;178,41;655,809
1028;1;11792032;185,45;848,851
1029;1;11803532;197,92;1224,765
1030;1;11815016;213,6;1733,148
1031;1;11826496;237,72;2664,605
1032;1;11837980;274,79;3962,034
1033;1;11849464;328,72;5619,777
1034;1;11860956;403,91;7887,796
1035;1;11872440;509,95;10808,081
1036;1;11883924;652,15;12261,013
1037;1;11895412;791,61;10712,794
1038;1;11906904;898,33;7780,679
1039;1;11918392;970,41;5951,158
1040;1;11929876;1035,04;6087,448
1041;1;11941400;1110,47;6757,215
1042;1;11952884;1190,51;6762,53
1043;1;11964384;1265,9;6015,054
1044;1;11975868;1328,76;4841,982
1045;1;11987356;1377,13;3945,421
1046;1;11998844;1419,41;4035,248
1047;1;12010336;1469,86;4692,288
1048;1;12021820;1527,22;5012,624
1049;1;12033308;1585,01;5181,122
1050;1;12044788;1646,22;5104,475
1051;1;12056280;1702,27;4676,297
1052;1;12067772;1753,7;4295,597
1053;1;12079264;1801;3662,922
1054;1;12090740;1837,83;3029,34
1055;1;12102236;1870,59;2815,872
1056;1;12113724;1902,55;2831,97
1057;1;12125220;1935,68;2541,34
1058;1;12136704;1960,95;1003,831
1059;1;12148192;1958,74;-860,463
1060;1;12159680;1941,18;-1300,052
1061;1;12171168;1928,87;-242,82
1062;1;12182660;1935,6;1232,597
1063;1;12194152;1957,2;2049,095
1064;1;12205636;1982,68;1842,243
1065;1;12217124;1999,52;1186,455
1066;1;12228612;2009,94;751,523
1067;1;12240104;2016,79;599,321
1068;1;12251588;2023,71;768,46
1069;1;12263072;2034,44;1023,242
1070;1;12274564;2047,22;1175,831
1071;1;12286060;2061,47;990,862
1072;1;12297544;2069,99;760,794
1073;1;12309036;2078,95;989,991
1074;1;12320524;2092,74;962,911
1075;1;12332008;2101,07;872,366
1076;1;12343496;2112,78;708,13
1077;1;12354984;2117,34;408,323
1078;1;12366468;2122,16;571,901
1079;1;12377960;2130,48;573,007
1080;1;12389452;2135,33;690,165
1081;1;12400940;2146,34;1147,484
1082;1;12412424;2161,69;1044,061
1083;1;12423908;2170,32;720,936
1084;1;12435408;2178,26;560,825
1085;1;12446892;2183,21;415,144
1086;1;12458388;2187,8;408,83
1087;1;12469860;2192,6;385,687
1088;1;12481360;2196,66;93,978
1089;1;12492844;2194,76;227,194
1090;1;12504336;2201,88;949,521
1091;1;12515824;2216,58;1134,86
1092;1;12527308;2227,95;938,37
1093;1;12538800;2238,14;525,766
1094;1;12550284;2240,03;-165,041
1095;1;12561764;2234,35;-261,577
1096;1;12573260;2234,02;576,789
1097;1;12584736;2247,6;988,767
1098;1;12596228;2256,73;291,942
1099;1;12607720;2254,31;-480,418
1100;1;12619208;2245,69;-832,318
1101;1;12630692;2235,19;-744,82
1102;1;12642180;2228,58;-251,611
1103;1;12653664;2229,41;331,708
1104;1;12665152;2236,2;955,345
1105;1;12676640;2251,36;1052,952
1106;1;12688116;2260,38;534,75
1107;1;12699604;2263,64;-237,121
1108;1;12711100;2254,93;-982,594
1109;1;12722584;2241,06;-1269,164
1110;1;12734060;2225,79;-483,281
1111;1;12745552;2229,96;580,303
1112;1;12757048;2239,13;286,286
1113;1;12768536;2236,54;-107,958
1114;1;12780020;2236,65;-282,132
1115;1;12791504;2230,06;-514,539
1116;1;12802992;2224,83;-399,774
1117;1;12814492;2220,87;-293,683
1118;1;12825976;2218,08;-273,424
1119;1;12837460;2214,59;-525,674
1120;1;12848956;2206;25,235
1121;1;12860444;2215,17;1062,228
1122;1;12871936;2230,41;1006,963
1123;1;12883424;2238,31;445,76
1124;1;12894908;2240,65;-172,354
1125;1;12906400;2234,35;-791,855
1126;1;12917892;2222,45;-730,327
1127;1;12929376;2217,57;-148,851
1128;1;12940868;2219,03;294,604
1129;1;12952356;2224,34;352,419
1130;1;12963852;2227,13;205,396
1131;1;12975336;2229,06;16,977
1132;1;12986824;2227,52;-216,35
1133;1;12998308;2224,09;-220,665
1134;1;13009800;2222,45;285,801
1135;1;13021296;2230,66;619,669
1136;1;13032780;2236,69;283,774
1137;1;13044272;2237,18;-33,066
1138;1;13055764;2235,93;-8,705
1139;1;13067248;2236,98;136,664
1140;1;13078740;2239,07;-94,028
1141;1;13090220;2234,82;-193,68
1142;1;13101716;2234,62;328,432
1143;1;13113208;2242,37;315,872
1144;1;13124700;2241,88;-149,26
1145;1;13136188;2238,94;93,56
1146;1;13147680;2244,03;240,293
1147;1;13159160;2244,46;93,141
1148;1;13170656;2246,17;582,043
1149;1;13182148;2257,84;828,256
1150;1;13193632;2265,2;676,276
1151;1;13205112;2273,37;777,633
1152;0;13216612;2283,07;183,67
1153;0;13228088;2277,59;-459,77
1154;0;13239580;2272,51;-353,412
1155;0;13251064;2269,47;129,333
1156;0;13262544;2275,48;69,662
1157;0;13274032;2271,07;-820,421
1158;0;13285520;2256,63;-1305,048
1159;0;13297012;2241,08;-978,318
1160;0;13308488;2234,16;-366,162
1161;0;13319980;2232,67;-125,783
1162;0;13331464;2231,27;344,708
1163;0;13342956;2240,59;569,725
1164;0;13354440;2244,36;-151,951
1165;0;13365924;2237,1;-753,133
1166;0;13377424;2227,05;-677,664
1167;0;13388900;2221,53;-206,338
1168;0;13400396;2222,31;69,589
1169;0;13411892;2223,13;-84,856
1170;0;13423376;2220,36;-367,775
1171;0;13434868;2214,68;-354,718
1172;0;13446352;2212,21;-526,98
1173;0;13457848;2202,57;-915,186
1174;0;13469320;2191,19;-501,915
1175;0;13480820;2191,04;169,219
1176;0;13492308;2195,08;842,183
1177;0;13503796;2210,39;1523,934
1178;0;13515288;2230,1;1048,921
1179;0;13526772;2234,49;-4,352
1180;0;13538268;2230;-669,511
1181;0;13549744;2219,11;-948,051
1182;0;13561252;2208,21;-679,168
1183;0;13572728;2203,5;169,742
1184;0;13584228;2212,11;607,708
1185;0;13595716;2217,47;298,189
1186;0;13607200;2218,96;-43,959
1187;0;13618692;2216,46;-368,71
1188;0;13630172;2210,49;-326,806
1189;0;13641672;2208,95;-354,221
1190;0;13653152;2202,35;-597,249
1191;0;13664644;2195,23;-426,967
1192;0;13676128;2192,54;299,008
1193;0;13687620;2202,1;716,585
1194;0;13699112;2209,01;149,26
1195;0;13710600;2205,53;-235,381
1196;0;13722096;2203,6;-214,534
1197;0;13733580;2200,6;-16,107
1198;0;13745068;2203,23;564,404
1199;0;13756560;2213,57;1074,848
1200;0;13768048;2227,93;1221,7
1201;0;13779528;2241,63;593,766
1202;0;13791020;2241,57;-271,976
1203;0;13802508;2235,38;-720,442
1204;0;13813992;2225,02;-542,305
1205;0;13825484;2222,92;17,838
1206;0;13836976;2225,43;-283,676
1207;0;13848468;2216,4;-900,627
1208;0;13859960;2204,73;-509,662
1209;0;13871444;2204,69;189,328
1210;0;13882936;2209,08;97,962
1211;0;13894412;2206,94;-509,227
1212;0;13905912;2197,38;-888,009
1213;0;13917396;2186,53;-834,639
1214;0;13928892;2178,2;-117,929
1215;0;13940376;2183,82;440,536
1216;0;13951864;2188,32;232,376
1217;0;13963356;2189,16;245,431
1218;0;13974844;2193,96;471,526
1219;0;13986324;2199,99;-10,016
1220;0;13997808;2193,73;-602,593
1221;0;14009308;2186,14;-409,85
1222;0;14020792;2184,31;-316,037
1223;0;14032280;2178,88;-61,39
1224;0;14043760;2182,9;190,265
1225;0;14055248;2183,25;-62,652
1226;0;14066744;2181,46;281,886
1227;0;14078236;2189,73;609,661
1228;0;14089724;2195,47;245,516
1229;0;14101208;2195,37;-569,092
1230;0;14112708;2182,39;-1217,581
1231;0;14124188;2167,39;-1066,33
1232;0;14135684;2157,89;-399,983
1233;0;14147164;2158,2;-232,933
1234;0;14158652;2152,54;-986,338
1235;0;14170148;2135,53;-1471,279
1236;0;14181632;2118,73;-1104,196
1237;0;14193124;2110,16;-284,595
1238;0;14204612;2112,19;490,947
1239;0;14216100;2121,44;1175,779
1240;0;14227584;2139,2;1014,972
1241;0;14239076;2144,76;-71,379
1242;0;14250560;2137,56;-819,551
1243;0;14262052;2125,93;-703,343
1244;0;14273536;2121,4;-417,827
1245;0;14285028;2116,33;-357,267
1246;0;14296516;2113,19;-115,358
1247;0;14308000;2113,68;40,049
1248;0;14319488;2114,11;-200,539
1249;0;14330988;2109,07;-425,587
1250;0;14342468;2104,33;-561,118
1251;2;14353960;2096,18;-431,17
1252;2;14365452;2094,42;391,142
1253;2;14376944;2105,17;1004,352
1254;2;14388432;2117,5;669,713
1255;2;14399924;2120,56;87,498
1256;2;14411404;2119,51;73,133
1257;2;14422896;2122,24;289,432
1258;2;14434380;2126,16;257,315
1259;2;14445864;2128,15;50,923
1260;2;14457356;2127,33;-296,448
1261;2;14468836;2121,34;-566,243
1262;2;14480332;2114,32;-640,769
1263;2;14491824;2106,61;-390,407
1264;2;14503308;2105,35;-267,282
1265;2;14514796;2100,47;-38,301
1266;2;14526284;2104,47;312,446
1267;2;14537776;2107,65;229,37
1268;2;14549260;2109,74;223,238
1269;2;14560756;2112,78;241,121
1270;2;14572236;2115,28;231,941
1271;2;14583736;2118,11;229,725
1272;2;14595220;2120,56;230,675
1273;2;14606712;2123,41;181,058
1274;2;14618196;2124,72;-138,405
1275;2;14629688;2120,23;-139,203
1276;2;14641184;2121,52;-184,073
1277;2;14652668;2116;-507,139
1278;2;14664156;2109,87;-350,923
1279;2;14675636;2107,94;-70,496
1280;2;14687136;2108,25;150,922
1281;2;14698628;2111,41;462,141
1282;2;14710116;2118,87;450,827
1283;2;14721608;2121,77;-327,676
1284;2;14733096;2111,34;-702,663
1285;2;14744592;2105,62;-188,827
1286;2;14756080;2107;159,788
1287;2;14767560;2109,29;287,306
1288;2;14779052;2113,6;264,578
1289;2;14790540;2115,37;116,168
1290;2;14802036;2116,27;-113,577
1291;2;14813520;2112,76;99,234
1292;2;14825012;2118,55;770,235
1293;2;14836500;2130,46;901,497
1294;2;14847996;2139,27;685,814
1295;2;14859480;2146,22;435,672
1296;2;14870972;2149,28;-112,726
1297;2;14882456;2143,63;-296,293
1298;2;14893956;2142,47;528,629
1299;2;14905440;2155,78;931,296
1300;2;14916924;2163,86;275,892
1301;2;14928420;2162,12;-400,714
1302;2;14939908;2154,65;-939,404
1303;2;14951392;2140,54;-891,645
1304;2;14962888;2134,16;-250,131
1305;2;14974380;2134,79;433,061
1306;2;14985864;2144,11;979,718
1307;2;14997356;2157,3;1263,708
1308;2;15008844;2173,15;1252,175
1309;2;15020340;2186,08;723,489
1310;2;15031816;2189,77;32,224
1311;2;15043304;2186,82;-536,647
1312;2;15054792;2177,44;-998,259
1313;2;15066284;2163,88;-1078,517
1314;2;15077768;2152,66;-685,737
1315;2;15089252;2148,13;-188,458
1316;2;15100744;2148,33;-115,318
1317;2;15112232;2145,48;-100,993
1318;2;15123716;2146,01;-132,381
1319;2;15135196;2142,44;-107,124
1320;2;15146680;2143,55;803,012
1321;2;15158172;2160,89;1336,845
1322;2;15169652;2174,26;594,533
1323;2;15181148;2174,55;-107,012
1324;2;15192640;2171,8;-252,785
1325;2;15204132;2168,74;-489,206
1326;2;15215616;2160,56;-457,869
1327;2;15227108;2158,22;-114,408
1328;2;15238604;2157,93;-223,315
1329;2;15250080;2153,09;-248,128
1330;2;15261576;2152,23;-203,549
1331;2;15273072;2148,41;-538,294
1332;2;15284556;2139,86;-683,124
1333;2;15296040;2132,72;-378,656
1334;2;15307532;2131,16;430,374
1335;2;15319020;2142,61;1247,389
1336;2;15330508;2159,82;1190,145
1337;2;15341992;2169,95;544,861
1338;2;15353468;2172,33;-19,582
1339;2;15364972;2169,5;-407,604
1340;2;15376456;2162,96;-297,267
1341;2;15387948;2162,67;144,448
1342;2;15399440;2166,28;75,296
1343;2;15410924;2164,4;-15,236
1344;2;15422412;2165,93;89,192
1345;2;15433908;2166,45;-100,522
1346;2;15445392;2163,62;-261,668
1347;2;15456876;2160,44;-101,81
1348;2;15468376;2161,28;463,801
1349;2;15479860;2171,1;589,311
1350;2;15491352;2174,82;265,494
1351;2;15502836;2177,2;289,918
1352;2;15514324;2181,48;403,324
1353;2;15525820;2186,47;682,095
1354;2;15537312;2197,16;564,642
1355;2;15548808;2199,45;289,767
1356;2;15560296;2203,82;509,138
1357;2;15571788;2211,15;526,888
1358;2;15583280;2215,93;653,177
1359;2;15594768;2226,16;1201,898
1360;2;15606252;2243,54;1298,763
1361;2;15617736;2255,99;777,633
1362;0;15629232;2261,41;9,134
1363;0;15640728;2256,2;-949,956
1364;0;15652212;2239,58;-1246,518
1365;0;15663704;2227,56;-630,874
1366;0;15675196;2225,08;55,285
1367;0;15686676;2228,83;226,798
1368;0;15698168;2230,29;-279,373
1369;0;15709656;2222,41;-612,813
1370;0;15721144;2216,21;-179,286
1371;0;15732636;2218,29;557,732
1372;0;15744112;2229,02;586,57
1373;0;15755600;2231,76;-398,311
1374;0;15767084;2219,87;-982,765
1375;0;15778576;2209,18;-744,431
1376;0;15790068;2202,76;-411,734
1377;0;15801552;2199,72;60,508
1378;0;15813040;2204,15;408,323
1379;0;15824524;2209,1;19,586
1380;0;15836016;2204,6;-268,106
1381;0;15847500;2202,94;-210,728
1382;0;15858984;2199,76;-466,301
1383;0;15870468;2192,23;-323,873
1384;0;15881956;2192,32;617,929
1385;0;15893448;2206,43;1311,782
1386;0;15904940;2222,47;985,811
1387;0;15916424;2229,08;304,825
1388;0;15927904;2229,47;-221,497
1389;0;15939404;2223,99;-810,282
1390;0;15950896;2210,84;-802,158
1391;0;15962392;2205,55;-64,404
1392;0;15973876;2209,36;481,975
1393;0;15985360;2216,62;366,905
1394;0;15996852;2217,79;356,273
1395;0;16008348;2224,81;545,692
1396;0;16019832;2230,33;-293,785
1397;0;16031324;2218,06;-893,976
1398;0;16042808;2209,79;-194,551
1399;0;16054300;2213,59;524,278
1400;0;16065792;2221,84;402,454
1401;0;16077284;2222,84;-281,549
1402;0;16088772;2215,37;-678,18
1403;0;16100272;2207,25;-392,379
1404;0;16111760;2206,35;125,805
1405;0;16123244;2210,14;485,893
1406;0;16134728;2217,51;518,802
1407;0;16146220;2222,06;77,486
1408;0;16157700;2219,29;-480,585
1409;0;16169192;2211,02;-772,846
1410;0;16180680;2201,53;-742,514
1411;0;16192168;2193,96;-360,686
1412;0;16203664;2193,24;53,497
1413;0;16215160;2195,19;369,452
1414;0;16226644;2201,73;631,093
1415;0;16238136;2209,69;286,721
1416;0;16249628;2208,32;-358,2
1417;0;16261112;2201,46;-612,813
1418;0;16272604;2194,24;-199,704
1419;0;16284096;2196,87;246,779
1420;0;16295580;2199,91;191,069
1421;0;16307072;2201,26;-16,095
1422;0;16318568;2199,54;-472,15
1423;0;16330052;2190,41;-583,986
1424;0;16341548;2186,12;-81,347
1425;0;16353040;2188,54;317,557
1426;0;16364536;2193,42;663,185
1427;0;16376020;2203,78;888,599
1428;0;16387516;2213,84;582,347
1429;0;16398996;2217,16;6,092
1430;0;16410496;2213,98;-553,332
1431;0;16421984;2204,44;-863,059
1432;0;16433484;2194,14;-497,999
1433;0;16444976;2192,99;286,771
1434;0;16456464;2200,73;625,762
1435;0;16467956;2207,37;310,651
1436;0;16479448;2207,87;-63,958
1437;0;16490940;2205,9;-177,141
1438;0;16502424;2203,8;-634,9
1439;0;16513920;2191,31;-1237,387
1440;0;16525416;2175,35;-1142,733
1441;0;16536900;2165,05;-275,165
1442;0;16548384;2169,03;427,763
1443;0;16559880;2174,88;573,877
1444;0;16571368;2182,22;550,818
1445;0;16582864;2187,54;134,923
1446;0;16594344;2185,32;-270,812
1447;0;16605832;2181,32;-174,904
1448;0;16617328;2181,3;2,61
1449;0;16628824;2181,38;-1,74
1450;0;16640316;2181,26;248,912
1451;0;16651804;2187,1;457,078
1452;0;16663288;2191,76;-26,545
1453;0;16674784;2186,49;-582,478
1454;0;16686276;2178,37;-756,047
1455;0;16697772;2169,11;-525,239
1456;0;16709256;2166,3;136,617
1457;0;16720756;2172,25;877,262
1458;0;16732248;2186,47;1207,797
1459;0;16743740;2200,01;1005,222
1460;0;16755228;2209,57;561,553
1461;0;16766712;2212,91;-51,775
1462;0;16778212;2208,38;-512,787
1463;0;16789704;2201,12;-479,381
1464;0;16801200;2197,36;-180,592
1465;0;16812684;2196,97;-38,294
1466;0;16824180;2196,48;114,408
1467;0;16835672;2199,6;65,263
1468;0;16847164;2197,98;-327,619
1469;0;16858656;2192,07;-400,853
1470;0;16870140;2188,77;34,807
1471;0;16881640;2192,87;494,955
1472;0;16893132;2200,15;469,62
1473;0;16904616;2203,66;167,189
1474;0;16916100;2203,99;-149,234
1475;0;16927600;2200,23;-358,82
1476;0;16939092;2195,74;-507,051
1477;0;16950576;2188,58;-587,57
1478;0;16962068;2182,24;-265,059
1479;0;16973552;2182,49;293,734
1480;0;16985048;2188,99;257,091
1481;0;16996540;2188,4;-35,677
1482;0;17008032;2188,17;54,395
1483;0;17019520;2189,65;-11,745
1484;0;17031020;2187,9;272,316
1485;0;17042508;2195,91;670,466
1486;0;17054004;2203,31;561,065
1487;0;17065500;2208,81;283,873
1488;0;17076972;2209,83;-443,148
1489;0;17088472;2198,63;-1032,968
1490;0;17099964;2186,08;-1528,285
1491;0;17111452;2163,51;-1815,057
1492;0;17122944;2144,37;-1094,729
1493;0;17134444;2138,34;24,352
1494;0;17145940;2144,93;477,807
1495;0;17157424;2149,32;538,388
1496;0;17168916;2157,3;820,421
1497;0;17180400;2168,17;650,339
1498;0;17191904;2172,25;328,318
1499;0;17203396;2175,72;-56,126
1500;0;17214888;2170,96;-532,295
1501;0;17226372;2163,49;-539,941
1502;0;17237872;2158,55;-63,935
1503;0;17249364;2162,02;290,252
1504;0;17260852;2165,22;-17,838
1505;0;17272348;2161,61;-85,727
1506;0;17283832;2163,25;-224,939
1507;0;17295332;2156,44;-910,317
1508;0;17306824;2142,32;-1067,885
1509;0;17318312;2131,9;-728,586
1510;0;17329800;2125,58;-280,146
1511;0;17341300;2125,46;-19,572
1512;0;17352792;2125,13;256,221
1513;0;17364288;2131,35;549,756
1514;0;17375784;2137,77;498,608
1515;0;17387272;2142,81;221,458
1516;0;17398768;2142,86;-326,257
1517;0;17410260;2135,31;-747,346
1518;0;17421756;2125,68;-771,073
1519;0;17433228;2117,6;-374,869
1520;0;17444724;2117,07;419,422
1521;0;17456212;2127,24;1027,236
1522;0;17467708;2140,68;597,268
1523;0;17479200;2140,97;-100,993
1524;0;17490680;2138,36;-324,195
1525;0;17502180;2133,52;-705,586
1526;0;17513668;2122,14;-921,557
1527;0;17525152;2112,35;-911,98
1528;0;17536640;2101,19;-690,915
1529;0;17548136;2096,47;-276,666
1530;0;17559628;2094,83;-359,753
1531;3;17571124;2088,2;-402,384
1532;3;17582616;2085,58;16,107
1533;3;17594096;2088,57;476,501
1534;3;17605596;2096,53;647,939
1535;3;17617092;2103,47;414,999
1536;3;17628584;2106,07;55,294
1537;3;17640060;2104,74;-210,581
1538;3;17651568;2101,23;177,36
1539;3;17663064;2108,82;565,947
1540;3;17674556;2114,24;502,523
1541;3;17686048;2120,37;579,3
1542;3;17697532;2127,55;246,301
1543;3;17709028;2126,03;-199,669
1544;3;17720520;2122,96;-527,323
1545;3;17732012;2113,91;-530,369
1546;3;17743504;2110,77;27,845
1547;3;17754996;2114,55;423,773
1548;3;17766488;2120,51;578,998
1549;3;17777984;2127,86;555,072
1550;3;17789476;2133,27;539,071
1551;3;17800968;2140,25;499,826
1552;3;17812464;2144,76;140,122
1553;3;17823948;2143,47;-260,707
1554;3;17835440;2138,77;-86,612
1555;3;17846924;2141,48;579,534
1556;3;17858424;2152,09;425,874
1557;3;17869912;2151,27;-288,361
1558;3;17881416;2145,46;-299,182
1559;3;17892908;2144,39;-318,482
1560;3;17904400;2138,14;-1048,05
1561;3;17915884;2120,31;-1332,028
1562;3;17927380;2107,53;-845,946
1563;3;17938876;2100,86;-321,64
1564;3;17950356;2100,14;506,004
1565;3;17961860;2112,49;1158,027
1566;3;17973352;2126,77;650,017
1567;3;17984844;2127,43;-171,483
1568;3;17996328;2122,83;-264,189
1569;3;18007820;2121,36;-258,876
1570;3;18019312;2116,88;-351,984
1571;3;18030804;2113,27;-723,421
1572;3;18042300;2100,25;-1155,989
1573;3;18053780;2086,71;-557,876
1574;3;18065280;2087,43;190,903
1575;3;18076776;2091,1;439,795
1576;3;18088268;2097,54;866,121
1577;3;18099752;2111;893,386
1578;3;18111248;2118,07;338,99
1579;3;18122732;2118,79;-50,923
1580;3;18134224;2116,9;-165,767
1581;3;18145716;2114,98;-187,957
1582;3;18157208;2112,58;16,093
1583;3;18168708;2115,35;313,152
1584;3;18180200;2119,78;-39,593
1585;3;18191692;2114,44;-393,752
1586;3;18203184;2110,73;-160,546
1587;3;18214676;2110,75;-9,137
1588;3;18226168;2110,52;136,593
1589;3;18237664;2113,89;565,947
1590;3;18249156;2123,53;979,283
1591;3;18260640;2136,39;997,215
1592;3;18272140;2146,45;621,847
1593;3;18283636;2150,69;-21,75
1594;3;18295128;2145,95;-399,112
1595;3;18306612;2141,52;-265,93
1596;3;18318104;2139,84;120,561
1597;3;18329588;2144,29;945,334
1598;3;18341080;2161,56;1158,43
1599;3;18352576;2170,92;521,323
1600;3;18364060;2173,54;148,799
1601;3;18375560;2174,34;251,783
1602;3;18387056;2179,33;409,779
1603;3;18398548;2183,76;360,748
1604;3;18410036;2187,62;685,814
1605;3;18421528;2199,52;760,529
1606;3;18433020;2205,1;381,135
1607;3;18444512;2208,28;621,737
1608;3;18456004;2219,39;1042,464
1609;3;18467496;2232,24;748,956
1610;3;18478996;2236,61;-221,343
1611;3;18490492;2227,15;-1075,157
1612;3;18501988;2211,89;-1010,962
1613;3;18513480;2203,91;-315,437
1614;3;18524972;2204,64;410,285
1615;3;18536464;2213,34;1151,47
1616;3;18547960;2231,11;1012,961
1617;0;18559456;2236,63;9,577
1618;0;18570932;2231,33;-240,251
1619;0;18582432;2231,11;-201,409
1620;0;18593920;2226,7;-236,728
1621;0;18605412;2225,67;-179,69
1622;0;18616904;2222,57;-252,349
1623;0;18628396;2219,87;-383,879
1624;0;18639880;2213,75;-747,912
1625;0;18651380;2202,68;-1024,626
1626;0;18662864;2190,2;-1082,245
1627;0;18674360;2177,81;-617,934
1628;0;18685860;2175,99;112,687
1629;0;18697344;2180,4;294,655
1630;0;18708836;2182,76;227,55
1631;0;18720328;2185,63;61,326
1632;0;18731828;2184,17;154,455
1633;0;18743312;2189,18;482,242
1634;0;18754804;2195,25;114,843
1635;0;18766300;2191,82;-880,331
1636;0;18777784;2175,02;-2053,805
1637;0;18789272;2144,64;-2046,641
1638;0;18800768;2127,98;-753,002
1639;0;18812260;2127,33;475,03
1640;0;18823756;2138,9;899,321
1641;0;18835244;2148;392,72
1642;0;18846724;2147,92;-232,771
1643;0;18858228;2142,65;-817,099
1644;0;18869720;2129,13;-1038,294
1645;0;18881208;2118,79;-783,861
1646;0;18892696;2111,12;-329,36
1647;0;18904192;2111,22;0
1648;0;18915688;2111,12;258,876
1649;0;18927176;2117,17;530,026
1650;0;18938668;2123,3;271,588
1651;0;18950152;2123,41;-87,483
1652;0;18961644;2121,29;-398,242
1653;0;18973128;2114,26;-1004,441
1654;0;18984612;2098,22;-1363,597
1655;0;18996104;2082,93;-1011,397
1656;0;19007600;2074,97;-582,782
1657;0;19019080;2069,54;-194,551
1658;0;19030576;2070,5;120,519
1659;0;19042064;2072,31;-35,677
1660;4;19053560;2069,68;-218,016
1661;4;19065044;2067,3;19,586
1662;4;19076536;2070,13;252,829
1663;4;19088024;2073,11;275,796
1664;4;19099524;2076,47;346,328
1665;4;19111008;2081,07;445,76
1666;4;19122496;2086,71;293,247
1667;4;19133992;2087,81;93,527
1668;4;19145484;2088,86;-53,515
1669;4;19156976;2086,58;-312,337
1670;4;19168472;2081,68;-379,091
1671;4;19179952;2077,87;-121,495
1672;4;19191436;2078,89;539,941
1673;4;19202936;2090,28;1104,732
1674;4;19214428;2104,29;1310,042
1675;4;19225920;2120,39;1316,568
1676;4;19237412;2134,55;961,706
1677;4;19248900;2142,49;354,344
1678;4;19260384;2142,69;-75,296
1679;4;19271876;2140,76;-372,998
1680;4;19283360;2134,12;-939,404
1681;4;19294848;2119,18;-1054,028
1682;4;19306348;2109,89;-508,615
1683;4;19317832;2107,49;-199,338
1684;4;19329324;2105,31;0
1685;4;19340820;2107,49;386,858
1686;4;19352304;2114,2;452,725
1687;4;19363792;2117,89;422,977
1688;4;19375284;2123,92;962,676
1689;4;19386780;2140,02;1124,217
1690;4;19398260;2149,75;646,424
1691;4;19409768;2154,88;440,588
1692;4;19421252;2159,88;108,809
1693;4;19432744;2157,38;-297,267
1694;4;19444228;2153,05;-798,641
1695;4;19455708;2139,04;-527,599
1696;4;19467200;2140,93;640,769
1697;4;19478696;2153,77;1299,374
1698;4;19490188;2170,8;1486,51
1699;4;19501676;2187,93;1170,611
1700;4;19513176;2197,71;308,314
1701;4;19524672;2195,02;-728,586
1702;4;19536152;2180,97;-1257,183
1703;4;19547644;2166,14;-718,451
1704;4;19559132;2164,46;272,316
1705;4;19570632;2172,4;1004,177
1706;4;19582116;2187,54;585,292
1707;4;19593612;2185,85;-796,345
1708;4;19605096;2169,24;-1579,795
1709;4;19616596;2149,54;-1293,509
1710;4;19628080;2139,51;-141,862
1711;4;19639576;2146,28;904,265
1712;4;19651060;2160,29;1154,884
1713;4;19662548;2172,81;804,473
1714;4;19674044;2178,78;361,184
1715;4;19685528;2181,11;80,07
1716;4;19697024;2180,62;59,161
1717;4;19708516;2182,47;18,709
1718;4;19720008;2181,05;-421,456
1719;4;19731484;2172,79;-893,541
1720;4;19742984;2160,52;-1087,58
1721;4;19754480;2147,78;-697,128
1722;4;19765964;2144,5;253,264
1723;4;19777460;2153,6;798,539
1724;4;19788956;2162,86;638,159
1725;4;19800448;2168,27;368,517
1726;4;19811940;2171,33;529,499
1727;4;19823432;2180,44;809,105
1728;4;19834916;2189,92;511,314
1729;4;19846412;2192,19;185,379
1730;4;19857896;2194,18;162,835
1731;4;19869380;2195,93;-238,427
1732;4;19880880;2188,7;-812,022
1733;4;19892372;2177,26;-723,547
1734;4;19903864;2172,07;-8,268
1735;4;19915352;2177,07;474,843
1736;4;19926840;2182,98;439,36
1737;4;19938340;2187,17;637,937
1738;4;19949836;2197,65;534,378
1739;4;19961320;2199,45;-382,204
1740;4;19972808;2188,87;-955,012
1741;4;19984304;2177,5;-731,07
1742;4;19995788;2172,07;295,577
1743;4;20007276;2184,29;997,303
1744;4;20018780;2195;218,81
1745;4;20030264;2189,32;-749,913
1746;4;20041756;2177,77;-1065,895
1747;4;20053240;2164,83;-570,496
1748;4;20064736;2164,66;394,256
1749;4;20076220;2173,89;738,34
1750;4;20087720;2181,63;563,239
1751;4;20099212;2186,84;326,863
1752;4;20110696;2189,14;-141,887
1753;4;20122188;2183,58;-337,626
1754;4;20133680;2181,38;481,807
1755;4;20145164;2194,65;917,914
1756;4;20156656;2202,47;145,728
1757;4;20168152;2198;-508,792
1758;4;20179632;2190,78;-1113,336
1759;4;20191128;2172,42;-1569,676
1760;4;20202624;2154,69;-1192,776
1761;4;20214108;2145,01;-587,672
1762;4;20225596;2141,19;-133,159
1763;4;20237088;2141,95;-97,024
1764;4;20248580;2138,96;-220,191
1765;4;20260068;2136,89;-24,369
1766;4;20271560;2138,4;473,102
1767;4;20283044;2147,76;897,614
1768;4;20294532;2159,02;474,761
1769;4;20306024;2158,67;-336,262
1770;4;20317520;2151,29;-545,257
1771;4;20329004;2146,14;-508,357
1772;4;20340496;2139,61;-683,835
1773;4;20351992;2130,42;-354,221
1774;4;20363476;2131,47;173,194
1775;4;20374972;2134,4;6,963
1776;4;20386456;2131,63;47,424
1777;4;20397956;2135,49;444,58
1778;4;20409444;2141,85;333,768
1779;4;20420936;2143,16;-66,121
1780;4;20432432;2140,33;-339,742
1781;4;20443924;2135,35;-208,007
1782;4;20455412;2135,55;364,166
1783;4;20466908;2143,72;756,785
1784;4;20478404;2152,95;773,986
1785;4;20489880;2161,5;551,976
1786;4;20501376;2165,63;-77,432
1787;4;20512868;2159,72;-610,753
1788;4;20524364;2151,59;-633,919
1789;4;20535852;2145,15;-590,743
1790;4;20547352;2138,01;-424,717
1791;4;20558832;2135,39;-340,85
1792;4;20570324;2130,18;-312,5
1793;4;20581808;2128,21;-43,081
1794;4;20593304;2129,19;251,479
1795;4;20604792;2133,99;583,986
1796;4;20616284;2142,61;863,929
1797;4;20627780;2153,85;1264,143
1798;4;20639264;2171,66;1473,02
1799;4;20650760;2187,7;1159,301
1800;4;20662252;2198,31;427,614
1801;4;20673748;2197,53;-691,036
1802;4;20685232;2182,43;-1619,645
1803;4;20696716;2160,33;-1738,601
1804;4;20708216;2142,47;-991,214
1805;4;20719708;2137,54;-79,648
1806;4;20731192;2140,64;428,634
1807;4;20742688;2147,39;398,242
1808;4;20754168;2149,79;-12,62
1809;4;20765668;2147,1;1,74
1810;4;20777160;2149,83;341,918
1811;4;20788656;2154,96;405,135
1812;4;20800140;2159,14;237,557
1813;4;20811640;2160,42;208,841
1814;4;20823124;2163,94;-28,726
1815;4;20834616;2159,76;-396,798
1816;4;20846108;2154,82;-94,011
1817;4;20857592;2157,6;79,186
1818;4;20869092;2156,64;-427,975
1819;4;20880584;2147,76;-502,523
1820;4;20892076;2145,09;283,824
1821;4;20903556;2154,28;892,235
1822;4;20915052;2165,59;1227,162
1823;4;20926544;2182,49;1155,385
1824;4;20938040;2192,15;389,769
1825;4;20949532;2191,45;-157,093
1826;4;20961020;2188,54;-211,525
1827;4;20972508;2186,59;5,222
1828;4;20984000;2188,66;184,041
1829;4;20995492;2190,82;11,749
1830;4;21006980;2188,93;-146,649
1831;4;21018472;2187,45;-136,617
1832;4;21029964;2185,79;-167,508
1833;4;21041456;2183,6;-291,072
1834;4;21052948;2179,1;198,903
1835;4;21064432;2188,17;741,208
1836;4;21075924;2196,13;151,845
1837;4;21087416;2191,66;-339,049
1838;4;21098900;2188,34;-324,364
1839;4;21110384;2184,21;-307,117
1840;4;21121888;2181,28;110,038
1841;4;21133376;2186,74;444,454
1842;4;21144860;2191,49;265,059
1843;4;21156352;2192,83;86,582
1844;4;21167844;2193,48;-1,741
1845;4;21179332;2192,79;-171,889
1846;4;21190824;2189,53;-78,737
1847;4;21202320;2190,98;75,731
1848;4;21213800;2191,27;-69,626
1849;4;21225300;2189,38;99,165
1850;4;21236792;2193,55;568,656
1851;4;21248284;2202,45;596,067
1852;4;21259776;2207,25;156,223
1853;4;21271264;2206,04;-645,569
1854;4;21282748;2192,42;-1318,949
1855;4;21294252;2175,72;-876,544
1856;4;21305736;2172,27;-144,499
1857;4;21317228;2172,4;355,465
1858;4;21328720;2180,44;1074,661
1859;4;21340212;2197,1;1287,852
1860;4;21351704;2210,04;394,256
1861;4;21363192;2206,16;-799,687
1862;4;21374688;2191,66;-1064,654
1863;4;21386176;2181,69;-752,655
1864;4;21397660;2174,37;-439,948
1865;4;21409156;2171,58;259,266
1866;4;21420648;2180,33;901,062
1867;4;21432140;2192,29;715,529
1868;4;21443624;2196,77;-244,603
1869;4;21455116;2186,67;-887,139
1870;4;21466608;2176,38;-911,544
1871;4;21478088;2165,73;-291,123
1872;4;21489588;2169,69;983,386
1873;4;21501080;2188,34;1522,533
1874;4;21512576;2204,69;1335,509
1875;4;21524060;2219,03;838,558
1876;0;21535544;2223,95;-36,106
1877;0;21547048;2218,2;-926,248
1878;0;21558540;2202,65;-1528,019
1879;0;21570032;2183,08;-1208,203
1880;0;21581508;2174,9;-275,409
1881;0;21593016;2176,75;556,425
1882;0;21604512;2187,7;977,902
1883;0;21616004;2199,23;383,745
1884;0;21627496;2196,52;-713,975
1885;0;21638988;2182,82;-1361,817
1886;0;21650480;2165,22;-1383,33
1887;0;21661976;2151,02;-600,192
1888;0;21673456;2151,43;743,949
1889;0;21684948;2168,11;1485,734
1890;0;21696448;2185,59;1018,18
1891;0;21707940;2191,52;46,989
1892;0;21719432;2186,67;-873,52
1893;0;21730916;2171,45;-1179,951
1894;0;21742416;2159,55;-995,391
1895;0;21753912;2148,56;-360,313
1896;0;21765396;2151,27;510,533
1897;0;21776888;2160,29;401,724
1898;0;21788372;2160,5;-74,835
1899;0;21799872;2158,57;-348,938
1900;0;21811356;2152,48;-241,992
1901;0;21822848;2153,01;192,776
1902;0;21834336;2156,91;231,86
1903;0;21845836;2158,34;337,885
1904;0;21857332;2164,68;381,068
1905;0;21868824;2167,1;413,331
1906;0;21880316;2174,18;472,585
1907;0;21891804;2177,96;252,785
1908;0;21903300;2179,99;199,669
1909;0;21914792;2182,55;166,638
1910;0;21926284;2183,82;-442,405
1911;0;21937780;2172,38;-1251,74
1912;0;21949276;2155,04;-1168,842
1913;0;21960760;2145,52;-327,733
1914;0;21972252;2147,51;43,066
1915;0;21983748;2146,51;-416,014
1916;0;21995232;2137,95;-856,546
1917;0;22006724;2126,83;-851,462
1918;0;22018216;2118,38;-913,679
1919;0;22029708;2105,83;-692,026
1920;0;22041192;2102,48;241,907
1921;0;22052692;2111,39;778,967
1922;0;22064184;2120,39;586,93
1923;0;22075676;2124,88;233,206
1924;0;22087168;2125,75;-198,834
1925;0;22098660;2120,31;-696,208
1926;0;22110164;2109,74;-974,421
1927;5;22121648;2097,91;-793,892
1928;5;22133152;2091,49;-183,171
1929;5;22144632;2093,7;289,868
1930;5;22156128;2098,15;727,209
1931;5;22167624;2110,42;985,995
1932;5;22179120;2120,82;435,445
1933;5;22190612;2120,43;268,976
1934;5;22202096;2127;717,145
1935;5;22213592;2136,91;928,261
1936;5;22225096;2148,35;708,196
1937;5;22236580;2153,19;229,765
1938;5;22248076;2153,63;-10,437
1939;5;22259576;2152,95;-261,921
1940;5;22271060;2147,61;-115,338
1941;5;22282552;2150,3;200,974
1942;5;22294048;2152,23;-7,833
1943;5;22305532;2150,12;-224,939
1944;5;22317032;2147,06;325,331
1945;5;22328524;2157,6;660,459
1946;5;22340016;2162,24;224,939
1947;5;22351508;2162,77;318,482
1948;5;22363000;2169,56;562,467
1949;5;22374496;2175,7;411,519
1950;5;22385988;2179,02;-353,289
1951;5;22397480;2167,58;-921,236
1952;5;22408968;2157,85;-641,751
1953;5;22420464;2152,83;-148,773
1954;5;22431956;2154,43;508,615
1955;5;22443448;2164,52;798,678
1956;5;22454944;2172,79;686,129
1957;5;22466432;2180,29;841,601
1958;5;22477924;2192,13;746,041
1959;5;22489420;2197,44;-286,236
1960;5;22500912;2185,55;-1187,783
1961;5;22512404;2170,14;-1104,924
1962;5;22523900;2160,15;-577,157
1963;5;22535396;2156,87;287,976
1964;5;22546888;2166,77;860,613
1965;5;22558368;2176,64;610,096
1966;5;22569868;2180,79;227,47
1967;5;22581360;2181,87;-533,85
1968;5;22592852;2168,52;-1209,972
1969;5;22604344;2154,06;-1144,075
1970;5;22615840;2142,22;-353,663
1971;5;22627332;2145,93;639,899
1972;5;22638828;2156,93;583,116
1973;5;22650312;2159,33;10,448
1974;5;22661800;2157,17;84,827
1975;5;22673300;2161,28;618,476
1976;5;22684792;2171,39;449,008
1977;5;22696284;2171,6;-318,427
1978;5;22707780;2164,07;-308,964
1979;5;22719264;2164,5;218,413
1980;5;22730764;2169,09;362,363
1981;5;22742252;2172,83;251,914
1982;5;22753748;2174,88;-38,736
1983;5;22765228;2171,94;-258,786
1984;5;22776740;2168,93;-232,568
1985;5;22788232;2166,59;-413,331
1986;5;22799724;2159,43;-358,945
1987;5;22811216;2158,34;358,945
1988;5;22822708;2167,68;808,235
1989;5;22834192;2176,91;293,734
1990;5;22845688;2174,43;-568,459
1991;5;22857184;2163,84;-239,339
1992;5;22868668;2168,93;1072,92
1993;5;22880168;2188,5;1422,856
1994;5;22891664;2201,65;643,603
1995;5;22903148;2203,29;-487,38
1996;5;22914644;2190,45;-1409,866
1997;5;22926136;2170,88;-1295,249
1998;5;22937628;2160,68;-141,838
1999;5;22949120;2167,62;817,525
2000;5;22960612;2179,47;888,318
2001;5;22972096;2188,03;480,418
2002;5;22983592;2190,51;-75,244
2003;5;22995088;2186,3;-76,562
2004;5;23006580;2188,75;-41,768
2005;5;23018072;2185,34;-26,101
2006;5;23029568;2188,15;478,511
2007;5;23041060;2196,34;432,91
2008;5;23052552;2198,1;478,076
2009;5;23064048;2207,33;591,819
2010;5;23075532;2211,7;200,174
2011;5;23087028;2211,93;-171,364
2012;5;23098524;2207,76;-409,779
2013;5;23110016;2202,51;-239,255
2014;5;23121512;2202,26;-338,872
2015;5;23133004;2194,72;-515,756
2016;5;23144488;2190,41;-403,829
2017;5;23155984;2185,44;-385,553
2018;5;23167468;2181,55;-155,461
2019;5;23178948;2181,87;402,524
2020;5;23190448;2190,8;1095,11
2021;5;23201932;2207,04;1280,254
2022;5;23213420;2220,21;969,37
2023;5;23224916;2229,32;536,367
2024;5;23236408;2232,54;415,216
2025;5;23247892;2238,86;231,506
2026;5;23259388;2237,86;-603,358
2027;5;23270880;2224,99;-1626,915
2028;5;23282364;2200,48;-2281,473
2029;5;23293852;2172,58;-1686,249
2030;5;23305344;2161,73;-721,246
2031;5;23316840;2156;-232,457
2032;5;23328316;2156,39;462,657
2033;5;23339816;2166,63;926,409
2034;5;23351308;2177,69;862,189
2035;5;23362804;2186,45;314,241
2036;5;23374284;2184,91;-64,437
2037;5;23385772;2184,97;-63,522
2038;5;23397268;2183,45;-406,805
2039;5;23408756;2175,62;-592,586
2040;5;23420252;2169,83;-716,896
2041;5;23431744;2159,14;-991,559
2042;5;23443236;2147,04;-776,598
2043;5;23454716;2141,3;-53,534
2044;5;23466212;2145,81;828,111
2045;5;23477696;2160,33;1209,298
2046;5;23489184;2173,59;984,427
2047;5;23500684;2182,96;812,739
2048;5;23512168;2192,27;425,152
2049;5;23523664;2192,73;-448,651
2050;5;23535148;2181,96;-510,097
2051;5;23546640;2181,01;381,267
2052;5;23558124;2190,72;890,059
2053;5;23569616;2201,46;1018,792
2054;5;23581112;2214,14;621,41
2055;5;23592596;2215,74;-489,206
2056;5;23604088;2202,9;-1341,368
2057;5;23615580;2184,91;-1310,042
2058;5;23627072;2172,79;-680,275
2059;5;23638556;2169,28;311,738
2060;5;23650040;2179,95;1678,994
2061;5;23661540;2207,87;2211,538
2062;5;23673024;2230,78;1453,003
2063;5;23684520;2241,26;375,979
2064;5;23696004;2239,42;-859,742
2065;5;23707492;2221,51;-1361,382
2066;5;23718988;2208,13;-724,852
2067;5;23730476;2204,85;252,917
2068;5;23741960;2213,94;936,411
2069;5;23753436;2226,35;918,785
2070;5;23764936;2235,05;631,634
2071;5;23776424;2240,87;471,279
2072;5;23787916;2245,88;123,193
2073;5;23799396;2243,7;-506,092
2074;5;23810896;2234,25;-1131,936
2075;5;23822392;2217,67;-781,984
2076;5;23833876;2216,28;731,452
2077;5;23845360;2234,47;1557,113
2078;5;23856848;2252,05;1119,189
2079;5;23868332;2260,18;549,852
2080;5;23879836;2264,69;97,877
2081;5;23891320;2262,43;-788,947
2082;5;23902816;2246,56;-1148,425
2083;5;23914308;2236,03;-83,145
2084;5;23925788;2244,65;1045,075
2085;5;23937292;2260,05;1412,722
2086;5;23948772;2277,12;1372,302
2087;5;23960268;2291,58;798,678
2088;5;23971760;2295,48;-181,058
2089;5;23983244;2287,42;-1262,402
2090;5;23994740;2266,47;-1626,632
2091;5;24006224;2250,04;-839,136
2092;5;24017716;2247,19;320,602
2093;5;24029212;2257,41;936,141
2094;5;24040704;2268,71;809,399
2095;5;24052192;2276,01;615,639
2096;5;24063672;2282,85;316,362
2097;5;24075172;2283,28;-26,096
2098;5;24086664;2282,25;-653,498
2099;5;24098156;2268,26;-1291,978
2100;5;24109652;2252,55;-1131,18
2101;5;24121132;2242,27;-467,09
2102;5;24132624;2241,82;586,393
2103;5;24144120;2255,75;1135,81
2104;5;24155612;2267,93;598,782
2105;5;24167100;2269,51;-274,056
2106;5;24178600;2261,63;-641,751
2107;5;24190084;2254,76;-432,985
2108;5;24201580;2251,68;-238,385
2109;5;24213072;2249,28;691,906
2110;5;24224560;2267,58;1482,771
2111;5;24236056;2283,36;862,039
2112;5;24247552;2287,4;274,151
2113;5;24259036;2289,66;74,029
2114;5;24270516;2289,1;-663,621
2115;5;24282016;2274,41;-893,945
2116;5;24293504;2268,55;687,554
2117;5;24304996;2290,21;1650,566
2118;5;24316484;2306,48;867,143
2119;5;24327968;2310,13;87,483
2120;5;24339460;2308,49;-16,104
2121;5;24350944;2309,76;-233,328
2122;5;24362432;2303,13;-911,386
2123;5;24373920;2288,82;-1041,086
2124;5;24385408;2279,21;-565,947
2125;5;24396908;2275,81;432,19
2126;5;24408384;2289,14;1548,345
2127;0;24419868;2311,36;864,111
2128;0;24431344;2308,98;-615,204
2129;0;24442836;2297,23;-913,403
2130;0;24454324;2287,99;-587,672
2131;0;24465808;2283,73;-431,905
2132;0;24477292;2278,07;-869,754
2133;0;24488780;2263,75;-1399,043
2134;0;24500272;2245,92;-1155,554
2135;0;24511756;2237,2;515,41
2136;0;24523244;2257,76;1872,715
2137;0;24534728;2280,22;1436,281
2138;0;24546220;2290,76;757,787
2139;0;24557716;2297,64;314,621
2140;0;24569200;2297,99;-513,669
2141;0;24580688;2285,84;-1404,89
2142;0;24592184;2265,7;-1859,342
2143;0;24603680;2243,09;-1542,312
2144;0;24615156;2230,27;-389,469
2145;0;24626660;2234,14;105,272
2146;0;24638144;2232,69;-89,192
2147;0;24649644;2232,09;481,991
2148;0;24661132;2243,77;779,373
2149;0;24672624;2250;573,207
2150;0;24684108;2256,94;554,395
2151;0;24695604;2262,74;126,566
2152;0;24707100;2259,85;-110,492
2153;0;24718592;2260,2;58,757
2154;0;24730076;2261,2;-561,216
2155;0;24741560;2247,31;-1409,241
2156;0;24753060;2228,81;-1013,22
2157;0;24764556;2224,01;181,058
2158;0;24776036;2232,97;1198,207
2159;0;24787532;2251,54;1018,535
2160;0;24799020;2256,38;-243,775
2161;0;24810504;2245,94;-1125,958
2162;0;24821996;2230,51;-1427,328
2163;0;24833484;2213,14;-858,001
2164;0;24844968;2210,8;378,722
2165;0;24856456;2221,84;1102,071
2166;0;24867952;2236,13;1225,2
2167;0;24879440;2250;711,984
2168;0;24890916;2252,48;-462,221
2169;0;24902416;2239,38;-1590,237
2170;0;24913900;2215,93;-1968,826
2171;0;24925384;2194,16;-1415,636
2172;0;24936872;2183,41;-305,971
2173;0;24948360;2187,13;533,072
2174;0;24959852;2195,66;743,996
2175;0;24971344;2204,23;222,406
2176;0;24982828;2200,77;-763,538
2177;0;24994316;2186,69;-1156,827
2178;6;25005796;2174,2;-584,421
2179;6;25017296;2173,26;89,146
2180;6;25028792;2176,25;396,432
2181;6;25040276;2182,37;977,447
2182;6;25051760;2198,7;1565,164
2183;6;25063264;2218,35;1342,875
2184;6;25074748;2229,57;869,035
2185;6;25086232;2238,31;644,361
2186;6;25097732;2244,38;434,007
2187;6;25109204;2248,28;-76,615
2188;6;25120704;2242,62;-407,24
2189;6;25132188;2238,92;559,617
2190;6;25143684;2255,48;1975,631
2191;6;25155168;2284,32;1766,806
2192;6;25166652;2296,06;266,411
2193;6;25178140;2290,44;-697,007
2194;6;25189636;2280,04;-1009,49
2195;6;25201112;2267,25;-392,217
2196;6;25212608;2271,03;878,437
2197;6;25224096;2287,44;1397,737
2198;6;25235588;2303,15;1165,391
2199;6;25247084;2314,23;308,964
2200;6;25258568;2310,25;-770,637
2201;6;25270052;2296,53;-902,838
2202;6;25281540;2289,51;386,558
2203;6;25293024;2305,41;1440,449
2204;6;25304512;2322,6;531,702
2205;6;25315988;2317,62;-1135,928
2206;6;25327480;2296,51;-1852,48
2207;6;25338968;2275,05;-1281,783
2208;6;25350448;2267,07;-357,454
2209;6;25361936;2266,84;189,328
2210;6;25373424;2271,42;857,267
2211;6;25384916;2286,54;1151,636
2212;6;25396400;2297,88;508,703
2213;6;25407896;2298,23;-241,079
2214;6;25419380;2292,34;-654,596
2215;6;25430872;2283,19;-810,411
2216;6;25442356;2273,72;-1004,266
2217;6;25453844;2260,12;-470,491
2218;6;25465332;2262,91;1004,962
2219;6;25476820;2283,21;1402,089
2220;6;25488312;2295,13;651,871
2221;6;25499800;2298,19;303,69
2222;6;25511296;2302,11;-88,322
2223;6;25522784;2296,16;-1099,164
2224;6;25534268;2276,86;-1318,126
2225;6;25545756;2265,88;-983,371
2226;6;25557240;2254,27;-757,444
2227;6;25568728;2248,48;267,717
2228;6;25580212;2260,42;1171,25
2229;6;25591712;2275,4;773,882
2230;6;25603200;2278,21;55,265
2231;6;25614692;2276,67;-338,614
2232;6;25626176;2270,43;-639,363
2233;6;25637668;2261,98;-989,121
2234;6;25649156;2247,7;-1322,019
2235;6;25660648;2231,6;-718,576
2236;6;25672132;2231,19;904,737
2237;6;25683616;2252,38;1692,495
2238;6;25695104;2270,07;871,344
2239;6;25706592;2272,4;463,011
2240;6;25718084;2280,71;1138,183
2241;6;25729576;2298,56;1409,241
2242;6;25741068;2313,1;1192,984
2243;6;25752552;2325,97;278,503
2244;6;25764048;2319,5;-1203,865
2245;6;25775528;2298,31;-1218,217
2246;6;25787016;2291,52;-186,249
2247;6;25798508;2294,03;467,961
2248;6;25809988;2302,27;137,535
2249;6;25821484;2297,19;-1214,547
2250;6;25832976;2274,35;-1591,78
2251;6;25844452;2260,63;-640,233
2252;6;25855952;2259,64;343,717
2253;6;25867436;2268,53;1597,319
2254;6;25878928;2296,34;2245,866
2255;6;25890416;2320,14;892,235
2256;6;25901904;2316,84;-1082,187
2257;6;25913388;2295,28;-1704,981
2258;6;25924872;2277,68;-1350,575
2259;6;25936356;2264,26;-207,245
2260;6;25947840;2272,92;1149,896
2261;6;25959332;2290,68;893,23
2262;6;25970824;2293,45;2,611
2263;6;25982308;2290,74;362,615
2264;6;25993796;2301,78;940,547
2265;6;26005284;2312,35;670,7
2266;6;26016772;2317,19;57,897
2267;6;26028256;2313,68;-447,579
2268;6;26039740;2306,91;-406,653
2269;6;26051224;2304,34;-84,901
2270;6;26062708;2304,96;186,717
2271;6;26074200;2308,63;552,751
2272;6;26085684;2317,66;934,181
2273;6;26097172;2330,09;962,811
2274;6;26108648;2339,77;279,422
2275;6;26120148;2336,51;-605,968
2276;6;26131636;2325,84;-1042,646
2277;6;26143128;2312,55;-806,058
2278;6;26154612;2307,32;153,639
2279;6;26166104;2316,08;1009,925
2280;6;26177584;2330,52;1557,548
2281;6;26189076;2351,86;1530,896
2282;6;26200564;2365,7;726,537
2283;6;26212048;2368,55;-101,845
2284;6;26223540;2363,36;-828,256
2285;6;26235024;2349,52;-1529,156
2286;6;26246520;2328,22;-1938,207
2287;6;26258004;2304,98;-989,638
2288;6;26269488;2305,49;832,173
2289;6;26280980;2324,1;1400,54
2290;6;26292472;2337,68;684,627
2291;6;26303956;2339,83;-316,147
2292;6;26315436;2330,42;-1154,449
2293;6;26326928;2313,31;-1603,88
2294;6;26338424;2293,55;-949,086
2295;6;26349908;2291,5;828,109
2296;6;26361392;2312,57;1477,015
2297;6;26372880;2325,43;445,76
2298;6;26384364;2322,81;-727,589
2299;6;26395860;2308,71;-1008,703
2300;6;26407344;2299,63;-384,013
2301;6;26418828;2299,89;349,991
2302;6;26430316;2307,67;1068,755
2303;6;26441808;2324,45;1363,557
2304;6;26453300;2339,01;400,923
2305;6;26464780;2333,66;-709,995
2306;6;26476272;2322,7;-436,466
2307;6;26487760;2323,63;284,981
2308;6;26499256;2329,25;307,224
2309;6;26510740;2330,69;141,937
2310;6;26522224;2332,51;330,23
2311;6;26533724;2338,28;501,653
2312;6;26545208;2344,04;43,554
2313;6;26556684;2339,28;-1010,101
2314;6;26568176;2320,84;-1713,527
2315;6;26579660;2299,91;-1402,28
2316;6;26591160;2288,61;26,975
2317;6;26602644;2300,53;1558,747
2318;6;26614140;2324,43;1211,488
2319;6;26625624;2328,37;-613,791
2320;6;26637112;2310,33;-1538,83
2321;6;26648596;2293,02;-1251,524
2322;6;26660076;2281,59;-295,577
2323;6;26671568;2286,23;735,985
2324;6;26683052;2298,5;748,782
2325;6;26694552;2303,44;427,254
2326;6;26706036;2308,32;227,708
2327;6;26717520;2308,67;-342,472
2328;6;26729016;2300,45;-635,225
2329;6;26740504;2294,07;-461,947
2330;6;26751984;2289,84;226,798
2331;6;26763476;2299,28;1079,011
2332;6;26774968;2314,64;1150,296
2333;6;26786444;2325,7;569,725
2334;6;26797944;2327,73;50,017
2335;6;26809436;2326,85;91,835
2336;6;26820920;2329,84;670,933
2337;6;26832404;2342,26;1064,96
2338;6;26843888;2354,3;371,998
2339;6;26855388;2350,81;-543,857
2340;6;26866872;2341,8;-1124,021
2341;6;26878368;2324,98;-1225,183
2342;6;26889840;2313,66;-570,794
2343;6;26901336;2311,87;-29,576
2344;6;26912832;2312,98;769,063
2345;6;26924312;2329,54;1248,476
2346;6;26935804;2341,66;342,531
2347;6;26947288;2337,41;-289,432
2348;6;26958780;2335,01;-546,127
2349;6;26970268;2324,86;-1112,659
2350;6;26981752;2309,45;-1160,776
2351;6;26993244;2298,19;-845,806
2352;6;27004736;2290,01;-262,493
2353;6;27016216;2292,16;397,806
2354;6;27027712;2299,15;649,695
2355;6;27039196;2307,09;698,049
2356;6;27050676;2315,18;770,804
2357;6;27062172;2324,8;715,84
2358;6;27073656;2331,63;-16,104
2359;6;27085148;2324,43;-894,847
2360;6;27096632;2311,07;-743,949
2361;6;27108120;2307,34;-575,919
2362;6;27119604;2297,84;-1071,553
2363;6;27131096;2282,72;-658,834
2364;6;27142584;2282,7;501,219
2365;6;27154060;2294,23;872,214
2366;6;27165560;2302,74;263,318
2367;6;27177036;2300,28;-215,915
2368;6;27188532;2297,78;-326,806
2369;6;27200016;2292,77;-369,645
2370;6;27211500;2289,29;155,407
2371;6;27222988;2296,34;874,978
2372;6;27234472;2309,39;1091,519
2373;6;27245956;2321,41;932,115
2374;6;27257452;2330,81;375,174
2375;6;27268932;2330,03;-478,927
2376;6;27280420;2319,81;-784,869
2377;6;27291904;2312;-541,094
2378;6;27303392;2307,38;-167,16
2379;6;27314876;2308,16;666,551
2380;6;27326376;2322,7;952,402
2381;6;27337860;2330,05;-47,901
2382;6;27349340;2321,6;-633,38
2383;6;27360832;2315,5;-228,539
2384;6;27372312;2316,35;302,925
2385;6;27383808;2322,46;173,194
2386;6;27395292;2320,33;-194,551
2387;6;27406784;2317,99;-545,106
2388;6;27418260;2307,81;-945,769
2389;6;27429760;2296,26;-748,782
2390;6;27441244;2290,6;-491,989
2391;6;27452728;2284,96;-107,92
2392;6;27464224;2288,12;331,273
2393;6;27475700;2292,57;463,092
2394;6;27487200;2298,76;350,679
2395;6;27498684;2300,63;-16,98
2396;6;27510168;2298,37;-154,536
2397;6;27521656;2297,08;233,328
2398;6;27533140;2303,73;275,022
2399;6;27544636;2303,4;-462,496
2400;6;27556124;2293,1;-520,634
2401;6;27567608;2291,44;-257,315
2402;6;27579092;2287,19;-169,742
2403;6;27590584;2287,54;679,721
2404;6;27602072;2302,81;1797,215
2405;6;27613564;2328,84;2488,249
2406;6;27625048;2359,98;1999,042
2407;6;27636540;2374,77;581,041
2408;6;27648024;2373,33;-642,198
2409;6;27659508;2360,02;-786,473
2410;6;27671000;2355,26;-67,897
2411;6;27682484;2358,46;282,904
2412;6;27693976;2361,76;881,354
2413;6;27705460;2378,71;1437,337
2414;6;27716956;2394,79;603,568
2415;6;27728440;2392,58;-377,547
2416;6;27739920;2386,12;-361,682
2417;6;27751416;2384,27;345,203
2418;6;27762892;2394,05;1057,24
2419;6;27774372;2408,54;1207,978
2420;6;27785856;2421,79;685,498
2421;0;27797348;2424,29;-314,241
2422;0;27808832;2414,57;-633,925
2423;0;27820316;2409,73;-678,652
2424;0;27831804;2398,98;-409,194
2425;0;27843288;2400,33;229,37
2426;0;27854780;2404,25;124,913
2427;0;27866264;2403,2;-516,191
2428;0;27877756;2392,39;-882,788
2429;0;27889248;2382,91;-788,351
2430;0;27900728;2374,28;-560,585
2431;0;27912224;2370,03;154,509
2432;0;27923704;2377,83;1085,234
2433;0;27935196;2394,96;1278,736
2434;0;27946672;2407,2;352,542
2435;0;27958172;2403,06;-717,581
2436;0;27969652;2390,71;-856,981
2437;0;27981148;2383,37;-45,692
2438;0;27992632;2389,66;633,705
2439;0;28004124;2397,93;234,117
2440;0;28015612;2395,04;-1184,714
2441;0;28027100;2370,71;-2315,024
2442;0;28038588;2341,85;-1458,188
2443;0;28050060;2337,23;538,388
2444;0;28061564;2354,22;1639,116
2445;0;28073048;2374,91;1148,355
2446;0;28084536;2380,6;89,674
2447;0;28096020;2376,97;-783,264
2448;0;28107504;2362,61;-1491,213
2449;0;28119008;2342,69;-1484,511
2450;0;28130488;2328,49;-761,191
2451;0;28141972;2325,21;-5,224
2452;0;28153460;2328,37;787,069
2453;0;28164956;2343,3;1232,811
2454;0;28176440;2356,7;743,208
2455;0;28187924;2360,37;-119,69
2456;0;28199416;2353,95;-756,705
2457;0;28210892;2342,99;-1030,82
2458;0;28222388;2330,27;-1019,147
2459;0;28233872;2319,57;-908,22
2460;0;28245356;2309,41;-393,087
2461;0;28256844;2310,54;939,948
2462;0;28268336;2331,01;1778,687
2463;0;28279816;2351,4;1094,811
2464;0;28291308;2356,16;62,641
2465;0;28302804;2352,84;-358,76
2466;0;28314276;2347,92;-573,307
2467;0;28325776;2339,67;-495,562
2468;0;28337260;2336,53;16,977
2469;0;28348748;2340,06;215,517
2470;0;28360228;2341,48;-34,843
2471;0;28371708;2339,26;-184,137
2472;0;28383200;2337,25;-74,848
2473;0;28394688;2337,54;142,783
2474;0;28406172;2340,53;-110,153
2475;0;28417656;2335,01;-379,593
2476;0;28429144;2331,81;-77,459
2477;0;28440636;2333,23;359,878
2478;0;28452124;2340,08;625,327
2479;0;28463600;2347,59;570,695
2480;0;28475096;2353,19;214,895
2481;0;28486588;2352,53;-545,352
2482;0;28498072;2340,66;-668,757
2483;0;28509556;2337,17;225,927
2484;0;28521044;2345,85;883,966
2485;0;28532532;2357,48;991,034
2486;0;28544020;2368,62;874,674
2487;0;28555512;2377,58;496,17
2488;0;28566996;2380,02;-433,438
2489;0;28578468;2367,63;-1560,759
2490;0;28589972;2344,16;-1368,581
2491;0;28601448;2336,18;79,704
2492;0;28612932;2345,99;1228,887
2493;0;28624420;2364,41;1246,299
2494;0;28635896;2374,61;377,917
2495;0;28647388;2373,09;-606,39
2496;0;28658868;2360,68;-1066,33
2497;0;28670364;2348,59;-1034,303
2498;0;28681840;2336,92;-950,183
2499;0;28693328;2326,77;-402,594
2500;0;28704816;2327,67;111,401
2501;0;28716308;2329,33;159,704
2502;0;28727796;2331,34;-12,628
2503;0;28739272;2329,04;-162,456
2504;0;28750756;2327,61;-39,164
2505;0;28762252;2328,14;-77,907
2506;0;28773732;2325,82;205,468
2507;0;28785224;2332,86;591,154
2508;0;28796704;2339,4;56,175
2509;0;28808188;2334,15;-450,113
2510;0;28819676;2329,06;-163,271
2511;0;28831156;2330,4;441,638
2512;0;28842636;2339,2;656,451
2513;0;28854128;2345,48;237,557
2514;0;28865620;2344,66;-400,853
2515;0;28877104;2336,27;-956,279
2516;0;28888584;2322,7;-1258,927
2517;0;28900068;2307,36;-1044,568
2518;0;28911560;2298,7;-509,662
2519;0;28923044;2295,65;52,664
2520;0;28934536;2299,91;593,663
2521;0;28946020;2309,29;570,595
2522;0;28957512;2313,02;-32,213
2523;0;28968992;2308,55;-685,617
2524;0;28980484;2297,27;-833,478
2525;0;28991980;2289,39;-212,794
2526;0;29003464;2292,38;212,433
2527;0;29014952;2294,27;-104,475
2528;0;29026436;2289,98;-405,205
2529;0;29037928;2284,96;-48,738
2530;0;29049416;2288,86;148,851
2531;0;29060904;2288,38;-113,617
2532;0;29072388;2286,25;318,269
2533;0;29083872;2295,69;883,966
2534;0;29095364;2306,56;830,432
2535;0;29106848;2314,77;389,102
2536;0;29118340;2315,5;116,603
2537;0;29129832;2317,45;143,193
2538;0;29141316;2318,79;85,727
2539;0;29152812;2319,42;759,356
2540;0;29164296;2336,24;1567,288
2541;0;29175788;2355,43;751,958
2542;0;29187276;2353,52;-1038,294
2543;0;29198768;2331,57;-1937,478
2544;0;29210244;2309,02;-1652,299
2545;0;29221736;2293,62;-1115,365
2546;0;29233232;2283,38;-457,354
2547;0;29244716;2283,11;425,587
2548;0;29256212;2293,16;1177,956
2549;0;29267688;2310,17;1537,089
2550;0;29279184;2328,47;1342,005
2551;0;29290676;2341,02;521,504
2552;0;29302156;2340,45;-444,609
2553;0;29313640;2330,81;-556,909
2554;0;29325140;2327,65;-201,844
2555;0;29336628;2326,17;182,831
2556;0;29348112;2331,85;258,185
2557;0;29359596;2332,1;-56,165
2558;0;29371080;2330,56;26,98
2559;0;29382576;2332,72;-66,144
2560;0;29394060;2329,04;-234,28
2561;0;29405540;2327,34;-162,315
2562;0;29417040;2325,31;372,433
2563;0;29428524;2335,9;839,283
2564;0;29440012;2344,59;484,854
2565;0;29451500;2347,04;-57,907
2566;0;29462980;2343,26;-975,705
2567;0;29474468;2324,63;-1607,92
2568;0;29485960;2306,31;-965,622
2569;0;29497448;2302,44;382,204
2570;0;29508932;2315,09;175,928
2571;0;29520412;2306,48;-1135,928
2572;0;29531900;2289;-991,905
2573;0;29543388;2283,69;-248,912
2574;0;29554880;2283,28;315,872
2575;0;29566372;2290,95;40,912
2576;0;29577856;2284,22;-1121,605
2577;0;29589348;2265,18;-1946,91
2578;7;29600836;2239,48;-1837,25
2579;7;29612328;2222,96;-639,363
2580;7;29623812;2224,79;683,56
2581;7;29635296;2238,66;1020,63
2582;7;29646788;2248,24;388,966
2583;7;29658280;2247,6;-240,251
2584;7;29669764;2242,72;-356,024
2585;7;29681256;2239,42;-388,231
2586;7;29692740;2233,8;-404,04
2587;7;29704224;2230,14;303,413
2588;7;29715712;2240,77;1563,643
2589;7;29727196;2266,06;1482,143
2590;7;29738672;2274,8;399,112
2591;7;29750172;2275,23;157,936
2592;7;29761656;2278,43;334,204
2593;7;29773152;2282,91;332,463
2594;7;29784636;2286,07;-67,921
2595;7;29796120;2281,35;-117,929
2596;7;29807616;2283,36;589,105
2597;7;29819104;2294,89;651,776
2598;7;29830584;2298,33;-176,768
2599;7;29842072;2290,83;-748,042
2600;7;29853564;2281,14;-467,88
2601;7;29865048;2280,08;-146,265
2602;7;29876536;2277,78;-177,172
2603;7;29888020;2276,01;108,847
2604;7;29899504;2280,28;249,434
2605;7;29910992;2281,74;-23,06
2606;7;29922488;2279,75;-657,093
2607;7;29933972;2266,64;-858,885
2608;7;29945448;2260,03;-50,949
2609;7;29956936;2265,47;647,52
2610;7;29968428;2274,91;636,641
2611;7;29979916;2280,1;187,184
2612;7;29991400;2279,21;-272,601
2613;7;30002880;2273,84;-773,115
2614;7;30014372;2261,45;-1386,664
2615;7;30025856;2241,98;-1575,67
2616;7;30037340;2225,26;-757,18
2617;7;30048836;2224,58;806,494
2618;7;30060316;2243,79;2067,375
2619;7;30071812;2272,08;1697,284
2620;7;30083288;2282,78;-20,024
2621;7;30094784;2271,62;-681,779
2622;7;30106272;2267,11;-198,869
2623;7;30117764;2267,05;55,285
2624;7;30129244;2268,38;135,818
2625;7;30140736;2270,17;91,368
2626;7;30152228;2270,48;-87,528
2627;7;30163700;2268,16;-78,819
2628;7;30175192;2268,67;177,484
2629;7;30186688;2272,24;402,524
2630;7;30198172;2277,92;344,948
2631;7;30209648;2280,16;217,183
2632;7;30221148;2282,91;-55,246
2633;7;30232636;2278,89;-259,056
2634;7;30244116;2276,96;-197,597
2635;7;30255612;2274,35;-141,912
2636;7;30267088;2273,7;-30,042
2637;7;30278580;2273,66;-97,476
2638;7;30290068;2271,46;-146,675
2639;7;30301556;2270,29;595,508
2640;7;30313040;2285,14;870,474
2641;7;30324532;2290,29;347,258
2642;7;30336020;2293,12;951,532
2643;7;30347516;2312,16;999,13
2644;7;30359000;2316,08;15,247
2645;7;30370472;2312,51;247,214
2646;7;30381976;2321,76;624,565
2647;7;30393464;2326,87;444,889
2648;7;30404948;2331,98;280,39
2649;7;30416432;2333,31;-381,267
2650;7;30427924;2323,22;-916,884
2651;7;30439412;2312,24;-774,421
2652;7;30450896;2305,43;-565,036
2653;7;30462384;2299,26;-501,219
2654;7;30473860;2293,92;131,923
2655;7;30485352;2302,29;1127,502
2656;7;30496840;2319,83;866,272
2657;7;30508324;2322,19;-256,008
2658;7;30519808;2313,95;-413,619
2659;7;30531292;2312,69;-201,079
2660;7;30542784;2309,33;-454,15
2661;7;30554280;2302,25;-315,982
2662;7;30565760;2302,07;-426,829
2663;7;30577240;2292,45;-1434,605
2664;7;30588728;2269,12;-1747,433
2665;7;30600228;2252,28;-1102,455
2666;7;30611704;2243,79;-491,989
2667;7;30623196;2240,98;339,168
2668;7;30634672;2251,58;1169,481
2669;7;30646172;2267,85;1228,246
2670;7;30657656;2279,81;727,843
2671;7;30669144;2284,57;276,859
2672;7;30680628;2286,17;191,069
2673;7;30692120;2288,96;241,95
2674;7;30703608;2291,73;-48,311
2675;7;30715096;2287,85;-620,648
2676;7;30726584;2277,47;-883,557
2677;7;30738060;2267,56;-806,058
2678;7;30749560;2258,95;-306,735
2679;7;30761044;2260,51;941,31
2680;7;30772528;2280,57;1814,699
2681;7;30784012;2302,19;1054,762
2682;7;30795500;2304,8;-225,017
2683;7;30806988;2297,02;-899,356
2684;7;30818472;2284,14;-536,647
2685;7;30829964;2284,69;-50,94
2686;7;30841440;2282,97;140,146
2687;7;30852940;2287,91;907,588
2688;7;30864424;2303,83;1118,318
2689;7;30875912;2313,6;104,439
2690;7;30887404;2306,23;-990,509
2691;7;30898880;2290,85;-1017,584
2692;7;30910380;2282,85;-196,659
2693;7;30921864;2286,33;763,538
2694;7;30933352;2300,39;1448,468
2695;7;30944840;2319,61;614,012
2696;7;30956332;2314,5;-1049,356
2697;7;30967816;2295,5;-1654,911
2698;7;30979300;2276,49;-1364,903
2699;7;30990792;2264,14;-291,993
2700;7;31002280;2269,78;895,126
2701;7;31013772;2284,71;1229,544
2702;7;31025256;2298,03;737,983
2703;7;31036740;2301,66;502,611
2704;7;31048236;2309,58;600,418
2705;7;31059724;2315,46;541,87
2706;7;31071212;2322,03;550,139
2707;7;31082700;2328,1;335,568
2708;7;31094188;2329,74;254,658
2709;7;31105672;2333,95;347,319
2710;7;31117164;2337,72;231,941
2711;7;31128652;2339,28;760,056
2712;7;31140136;2355,18;995,386
2713;0;31151628;2362,15;-234,198
2714;0;31163108;2349,8;-1659,265
2715;0;31174596;2324,04;-2130,42
2716;0;31186080;2300,86;-1362,726
2717;0;31197572;2292,73;52,673
2718;0;31209052;2302,07;1179,032
2719;0;31220540;2319,81;1168,814
2720;0;31232024;2328,92;481,288
2721;0;31243520;2330,87;6,092
2722;0;31255004;2329,06;-362,742
2723;0;31266484;2322,54;-515,064
2724;0;31277972;2317,23;-74,835
2725;0;31289468;2320,82;353,289
2726;0;31300956;2325,35;-43,088
2727;0;31312444;2319,83;-1025,674
2728;0;31323936;2301,78;-1639,102
2729;0;31335420;2282,17;-1053,892
2730;0;31346908;2277,57;91,851
2731;0;31358392;2284,28;675,17
2732;0;31369880;2293,08;1108,306
2733;0;31381364;2309,74;1495,213
2734;0;31392860;2327,44;1355,962
2735;0;31404344;2340,9;462,818
2736;0;31415828;2338,07;-736,805
2737;0;31427308;2323,98;-1575,396
2738;0;31438800;2301,88;-1652,454
2739;0;31450292;2286;-1180,568
2740;0;31461772;2274,76;-1065,21
2741;0;31473264;2261,53;-1097,72
2742;0;31484756;2249,53;-397,302
2743;0;31496244;2252,4;788,947
2744;0;31507736;2267,66;1033,943
2745;0;31519224;2276,16;666,696
2746;0;31530700;2282,97;740,289
2747;0;31542188;2293,16;108,771
2748;0;31553684;2285,47;-1362,054
2749;8;31565168;2261,86;-1880,007
2750;8;31576652;2242,29;-610,956
2751;8;31588132;2247,83;1257,621
2752;8;31599616;2271,17;1804,806
2753;8;31611104;2289,29;797,77
2754;8;31622580;2289,49;-678,136
2755;8;31634064;2273,72;-1625,609
2756;8;31645556;2252,14;-1320,279
2757;8;31657044;2243,38;-56,591
2758;8;31668528;2250,84;1051,028
2759;8;31680012;2267,52;1378,2
2760;8;31691500;2282,5;1018,712
2761;8;31702992;2290,93;816,939
2762;8;31714476;2301,27;1146,613
2763;8;31725964;2317,27;1456,192
2764;8;31737440;2334,71;901,097
2765;8;31748936;2337,97;-687,554
2766;8;31760420;2318,91;-1518,37
2767;8;31771908;2303,09;-934,889
2768;8;31783396;2297,43;178,945
2769;8;31794876;2307,2;1279,373
2770;8;31806376;2326,83;1203,011
2771;8;31817860;2334,85;338,297
2772;8;31829344;2334,6;-341,285
2773;8;31840832;2327,01;-1300,923
2774;8;31852320;2304,71;-1322,249
2775;8;31863808;2296,63;-157,148
2776;8;31875292;2301,1;526,545
2777;8;31886788;2308,73;522,375
2778;8;31898264;2313,1;171,543
2779;8;31909756;2312,67;-167,537
2780;8;31921244;2309,25;-666,028
2781;8;31932728;2297,37;-1371,277
2782;8;31944208;2277,76;-953,563
2783;8;31955684;2275,48;355,277
2784;8;31967176;2285,92;566,916
2785;8;31978668;2288,51;544,141
2786;8;31990148;2298,42;680,512
2787;8;32001636;2304,14;-127,96
2788;8;32013124;2295,48;-834,059
2789;8;32024608;2284,98;-931,458
2790;8;32036088;2274,09;-822,879
2791;8;32047564;2266,09;-264,855
2792;8;32059044;2268,01;302,648
2793;8;32070528;2273,04;254,658
2794;8;32082016;2273,86;-243,69
2795;8;32093508;2267,44;-10,01
2796;8;32104992;2273,63;1297,248
2797;8;32116472;2297,23;1859,655
2798;8;32127964;2316,35;999,913
2799;8;32139444;2320,2;-323,55
2800;8;32150928;2308,92;-1077,834
2801;8;32162416;2295,44;-920,526
2802;8;32173904;2287,77;-175,805
2803;8;32185396;2291,4;406,076
2804;8;32196880;2297,1;277,778
2805;8;32208364;2297,78;-131,052
2806;8;32219848;2294,09;-355,277
2807;8;32231332;2289,62;-369,017
2808;8;32242828;2285,61;-253,655
2809;8;32254316;2283,79;470,138
2810;8;32265800;2296,41;1379,265
2811;8;32277292;2315,48;1638,231
2812;8;32288776;2334,05;592,46
2813;8;32300264;2329,09;-1153,109
2814;8;32311740;2307,57;-1097,858
2815;8;32323236;2303,87;-16,965
2816;8;32334728;2307,18;570,595
2817;8;32346212;2316,98;1238,249
2818;8;32357704;2335,63;1438,458
2819;8;32369188;2350,03;-2,612
2820;8;32380672;2335,57;-2507,4
2821;8;32392160;2292,43;-3283,589
2822;8;32403656;2260,1;-1531,065
2823;8;32415144;2257,24;1043,372
2824;8;32426620;2284,06;2334,117
2825;8;32438112;2310,85;1187,326
2826;8;32449596;2311,34;-511,146
2827;8;32461080;2299,11;-1293,509
2828;8;32472580;2281,61;-1478,499
2829;8;32484056;2265,14;-845,524
2830;8;32495548;2262,19;794,327
2831;8;32507044;2283,4;1519,147
2832;8;32518528;2297,1;603,884
2833;8;32530012;2297,27;84,871
2834;8;32541504;2299,05;299,93
2835;8;32552984;2304,16;157,175
2836;8;32564472;2302,66;-634,25
2837;8;32575956;2289,59;-1010,101
2838;8;32587440;2279,46;-919,175
2839;8;32598944;2268,46;-554,202
2840;8;32610428;2266,72;588,543
2841;8;32621916;2281,98;1520,982
2842;8;32633400;2301,66;1137,709
2843;8;32644892;2308,12;522,882
2844;8;32656388;2313,68;651,436
2845;8;32667872;2323,09;852,203
2846;8;32679352;2333,25;937,99
2847;8;32690836;2344,63;788,214
2848;8;32702328;2351,36;50,044
2849;8;32713816;2345,78;-627,721
2850;8;32725300;2336,94;-612,272
2851;8;32736796;2331,71;-428,124
2852;8;32748284;2327,1;-25,674
2853;8;32759776;2331,12;686,129
2854;8;32771268;2342,87;87,452
2855;8;32782760;2333,13;-1014,972
2856;8;32794244;2319,55;-723,238
2857;8;32805740;2316,51;199,669
2858;8;32817232;2324,14;1009,222
2859;8;32828728;2339,71;1668,697
2860;8;32840220;2362,5;1843,113
2861;8;32851700;2382,05;1084,741
2862;0;32863184;2387,41;126,153
2863;0;32874688;2384,95;-791,442
2864;0;32886180;2369,21;-2081,302
2865;0;32897664;2337,13;-2659,732
2866;0;32909156;2308,1;-1472,764
2867;0;32920648;2303,28;542,74
2868;0;32932132;2320,57;826,515
2869;0;32943624;2322,27;-61,368
2870;0;32955108;2319,16;-168,349
2871;0;32966612;2318,4;-481,991
2872;0;32978096;2308,08;-434,233
2873;0;32989572;2308,43;-209,857
2874;0;33001064;2303,26;-979,036
2875;0;33012564;2285,92;-1249,347
2876;0;33024052;2274,54;-714,224
2877;0;33035540;2269,51;160,546
2878;0;33047036;2278,23;1003,481
2879;0;33058520;2292,57;1429,318
2880;0;33070012;2311,07;1217,581
2881;0;33081500;2320,55;-221,932
2882;0;33092992;2305,97;-1275,013
2883;0;33104488;2291,24;-1417,508
2884;0;33115976;2273,39;-1278,948
2885;0;33127460;2261,86;-636,751
2886;0;33138952;2258,76;-316,852
2887;0;33150436;2254,58;-266,022
2888;0;33161920;2252,65;18,709
2889;0;33173420;2255,01;638,918
2890;0;33184912;2267,34;787,069
2891;0;33196404;2273,1;415,216
2892;0;33207888;2276,88;575,718
2893;0;33219384;2286,33;311,413
2894;0;33230880;2284,04;-276,811
2895;0;33242360;2279,97;-490,597
2896;0;33253852;2272,77;-133,618
2897;0;33265336;2276,9;420,727
2898;0;33276836;2282,44;13,05
2899;0;33288324;2277,2;-718,141
2900;0;33299812;2265,94;-1123,586
2901;9;33311304;2251,38;-976,501
2902;9;33322792;2243,5;-195,822
2903;9;33334284;2246,88;499,913
2904;9;33345776;2254,99;627,937
2905;9;33357264;2261,31;684,389
2906;9;33368760;2270,72;1309,814
2907;9;33380252;2291,42;1445,537
2908;9;33391748;2303,95;207,137
2909;9;33403232;2296,18;-962,308
2910;9;33414724;2281,84;-1168,204
2911;9;33426216;2269,33;-957,623
2912;9;33437708;2259,83;-484,685
2913;9;33449200;2258,19;601,618
2914;9;33460696;2273,66;1228,46
2915;9;33472180;2286,42;754,873
2916;9;33483680;2291,01;418,552
2917;9;33495164;2296,04;322,623
2918;9;33506648;2298,42;-37,846
2919;9;33518152;2295,17;266,568
2920;9;33529644;2304,55;950,122
2921;9;33541128;2317;378,722
2922;9;33552616;2313,25;-525,583
2923;9;33564112;2304,92;-483,899
2924;9;33575596;2302,13;-281,984
2925;9;33587092;2298,44;-405,864
2926;9;33598584;2292,8;-329,417
2927;9;33610072;2290,87;164,056
2928;9;33621564;2296,57;452,41
2929;9;33633060;2301,27;-20,442
2930;9;33644556;2296,1;-583,116
2931;9;33656040;2287,87;-198,468
2932;9;33667532;2291,54;748,172
2933;9;33679016;2305,06;1176,88
2934;9;33690508;2318,58;780,108
2935;9;33702000;2322,99;257,135
2936;9;33713492;2324,49;-466,847
2937;9;33724984;2312,26;-1314,828
2938;9;33736476;2294,27;-1331,129
2939;9;33747972;2281,66;-379,46
2940;9;33759456;2285,55;1028,464
2941;9;33770948;2305,29;1293,959
2942;9;33782432;2315,28;181,058
2943;9;33793924;2309,45;-478,594
2944;9;33805416;2304,28;-264,097
2945;9;33816908;2303,38;-231,9
2946;9;33828400;2298,95;-721,497
2947;9;33839888;2286,8;-825,936
2948;9;33851380;2279,97;-271,153
2949;9;33862864;2280,57;386,925
2950;9;33874356;2288,86;1003,656
2951;9;33885840;2303,63;775,322
2952;9;33897340;2306,68;365,037
2953;9;33908824;2312,02;148,416
2954;9;33920316;2310,09;-747,912
2955;9;33931808;2294,83;-1357,939
2956;9;33943292;2278,89;-606,074
2957;9;33954792;2280,9;237,039
2958;9;33966284;2284,34;-26,971
2959;9;33977780;2280,28;111,005
2960;9;33989256;2286,89;901,097
2961;9;34000752;2300,98;902,21
2962;9;34012244;2307,63;749,521
2963;9;34023740;2318,21;484,685
2964;9;34035228;2318,77;228,619
2965;9;34046704;2323,46;286,486
2966;9;34058196;2325,35;-174,034
2967;9;34069688;2319,46;-771,105
2968;9;34081176;2307,63;-578,53
2969;9;34092660;2306,17;261,486
2970;9;34104160;2313,64;572,808
2971;9;34115652;2319,34;169,742
2972;9;34127136;2317,54;-459,61
2973;9;34138628;2308,78;-651,985
2974;9;34150112;2302,56;-436,826
2975;9;34161612;2298,74;-119,586
2976;9;34173108;2299,81;140,049
2977;9;34184604;2301,96;564,502
2978;9;34196084;2312,78;1070,869
2979;9;34207576;2326,56;1128,176
2980;9;34219068;2338,71;639,899
2981;9;34230564;2341,27;-112,687
2982;9;34242052;2336,12;8,274
2983;9;34253528;2341,46;877,002
2984;9;34265028;2356,27;773,312
2985;9;34276520;2359,24;-242,82
2986;9;34288008;2350,69;-601,167
2987;9;34299492;2345,43;-312,5
2988;9;34310984;2343,51;326,692
2989;9;34322480;2352,94;818,538
2990;9;34333964;2362,32;543,081
2991;9;34345460;2365,42;11,749
2992;9;34356944;2362,59;-716,4
2993;9;34368436;2348,96;-1343,543
2994;9;34379928;2331,71;-602,923
2995;9;34391424;2335,1;1194,309
2996;9;34402912;2359,16;1695,822
2997;9;34414404;2374,07;716,96
2998;9;34425884;2375,63;-255,875
2999;9;34437384;2368,19;-914,39
3000;9;34448872;2354,61;-463,608
3001;9;34460356;2357,54;788,214
3002;9;34471848;2372,72;1053,341
3003;9;34483340;2381,75;839,861
3004;9;34494828;2392,02;759,753
3005;9;34506308;2399,2;332,028
3006;9;34517808;2399,65;260,571
3007;9;34529296;2405,19;734,372
3008;9;34540780;2416,52;631,529
3009;0;34552272;2419,7;-470,655
3010;0;34563748;2405,71;-1335,509
3011;0;34575252;2389,01;-1263,053
3012;0;34586732;2376,68;-966,394
3013;0;34598224;2366,81;-1316,339
3014;0;34609720;2346,42;-1861,184
3015;0;34621204;2324,04;-1109,176
3016;0;34632692;2320,94;218,489
3017;0;34644180;2329,06;717,705
3018;0;34655668;2337,43;593,228
3019;0;34667156;2342,69;-303,202
3020;0;34678656;2330,46;-998,086
3021;0;34690140;2319,75;-772,814
3022;0;34701624;2312,71;-293,683
3023;0;34713124;2313;630,007
3024;0;34724592;2327,18;705,765
3025;0;34736092;2329,21;-70,447
3026;0;34747588;2325,56;-636,641
3027;10;34759072;2314,58;-829,85
3028;10;34770556;2306,5;-33,937
3029;10;34782056;2313,8;733,554
3030;10;34793540;2323,36;701,915
3031;10;34805036;2329,93;449,8
3032;10;34816528;2333,7;-8,269
3033;10;34828012;2329,74;-635,66
3034;10;34839512;2319,09;-382,875
3035;10;34850996;2320,94;823,468
3036;10;34862488;2338,01;1407,991
3037;10;34873972;2353,29;982,516
3038;10;34885480;2360,6;167,884
3039;10;34896964;2357,15;-314,621
3040;10;34908460;2353,37;-593,56
3041;10;34919944;2343,51;-845,377
3042;10;34931432;2333,95;-578,865
3043;10;34942920;2330,21;83,957
3044;10;34954420;2335,88;751,958
3045;10;34965900;2347,49;990,681
3046;10;34977384;2358,63;1161,911
3047;10;34988888;2374,2;1416,957
3048;10;35000384;2391,22;997,303
3049;10;35011880;2397,13;-130,961
3050;10;35023368;2388,21;-1169,889
3051;10;35034848;2370,26;-1480,933
3052;10;35046340;2354,19;-981,987
3053;10;35057832;2347,69;-93,56
3054;10;35069320;2352,04;727,099
3055;10;35080800;2364,39;1720,191
3056;10;35092300;2391,57;1758,18
3057;10;35103784;2404,8;422,762
3058;10;35115268;2401,28;-296,396
3059;10;35126760;2397,99;-76,153
3060;10;35138248;2399,53;-33,943
3061;10;35149740;2397,21;-474,761
3062;10;35161228;2388,62;-494,429
3063;10;35172716;2385,85;19,586
3064;10;35184204;2389,07;771,374
3065;10;35195688;2403,57;1136,601
3066;10;35207176;2415,18;683,203
3067;10;35218668;2419,27;914,273
3068;10;35230156;2436,19;1832,231
3069;10;35241640;2461,36;1400,54
3070;0;35253140;2468,38;115,298
3071;0;35264624;2464,01;-804,893
3072;0;35276112;2449,89;-2120,104
3073;0;35287604;2415,29;-3005,828
3074;0;35299104;2380,78;-1705,099
3075;0;35310588;2376,1;776,762
3076;0;35322084;2398,63;2165,796
3077;0;35333568;2425,87;1856,061
3078;0;35345052;2441,26;630,439
3079;0;35356552;2440,36;-731,432
3080;0;35368048;2424,44;-1911,662
3081;0;35379532;2396,43;-2567,45
3082;11;35391028;2365,44;-2016,185
3083;11;35402516;2350,09;-50,923
3084;11;35414004;2364,27;2216,324
3085;11;35425500;2401,03;2518,27
3086;11;35436992;2422,16;762,535
3087;11;35448476;2418,55;-579,3
3088;11;35459968;2408,85;-922,816
3089;11;35471460;2397,34;-545,692
3090;11;35482948;2396,31;-335,016
3091;11;35494444;2389,64;-114,408
3092;11;35505936;2393,68;605,414
3093;11;35517420;2403,55;1265,454
3094;11;35528908;2422,75;2036,554
3095;11;35540400;2450,35;2092,689
3096;11;35551888;2470,84;1038,04
3097;0;35563376;2474,2;-599,112
3098;0;35574872;2457,07;-2153,672
3099;0;35586360;2424,7;-3080,839
3100;0;35597856;2386,26;-2137,076
3101;0;35609340;2375,59;740,95
3102;0;35620840;2403,29;2281,587
3103;0;35632324;2428,03;1242,601
3104;0;35643816;2431,84;-139,276
3105;0;35655300;2424,83;-1110,338
3106;0;35666800;2406,32;-1841,396
3107;0;35678288;2382,5;-1288,077
3108;0;35689780;2376,72;601,828
3109;0;35701268;2396,33;1885,01
3110;0;35712756;2420,03;1191,243
3111;0;35724244;2423,7;422,106
3112;0;35735736;2429,73;259,791
3113;0;35747224;2429,67;-454,387
3114;0;35758712;2419,29;-388,666
3115;0;35770200;2420,74;63,98
3116;0;35781688;2420,76;-287,306
3117;0;35793172;2414,14;-723,673
3118;0;35804668;2404,13;-1217,792
3119;0;35816148;2386,16;-1735,422
3120;0;35827648;2364,25;-1560,814
3121;0;35839136;2350,28;81,81
3122;0;35850628;2366,13;1450,392
3123;0;35862116;2383,61;1167,102
3124;0;35873608;2392,95;335,132
3125;0;35885092;2391,31;-778,503
3126;0;35896588;2375,06;-1090,949
3127;0;35908072;2366,24;-771,073
3128;0;35919556;2357,35;-1073,604
3129;0;35931060;2341,56;-1378,545
3130;0;35942544;2325,66;-1288,301
3131;0;35954036;2311,96;-417,755
3132;0;35965524;2316,06;974,93
3133;0;35977012;2334,36;1204,751
3134;0;35988508;2343,75;380,198
3135;0;36000000;2343,1;45,692
3136;0;36011488;2344,8;40,049
3137;0;36022972;2344,02;-43,951
3138;0;36034468;2343,79;489,821
3139;0;36045960;2355,28;1272,189
3140;0;36057452;2373,03;1343,777
3141;0;36068940;2386,16;658,834
3142;0;36080432;2388,17;175,744
3143;0;36091928;2390,2;114,883
3144;0;36103412;2390,81;-227,589
3145;0;36114908;2384,97;-465,187
3146;0;36126392;2380,12;-755,308
3147;0;36137892;2367,61;-958,326
3148;0;36149380;2358,09;-578,43
3149;0;36160868;2354,32;-560,39
3150;0;36172364;2345,21;-722,986
3151;0;36183856;2337,7;-581,274
3152;0;36195348;2331,85;-291,173
3153;0;36206832;2331,01;-198,033
3154;0;36218324;2327,3;-289,868
3155;0;36229808;2324,35;-423,773
3156;0;36241308;2317,56;-548,791
3157;0;36252804;2311,73;-190,969
3158;0;36264296;2313,17;93,56
3159;0;36275784;2313,88;-20,021
3160;0;36287272;2312,71;71,789
3161;0;36298768;2315,53;203,62
3162;0;36310256;2317,39;-129,678
3163;0;36321748;2312,55;-84,871
3164;0;36333232;2315,44;824,338
3165;0;36344724;2331,49;1080,999
3166;0;36356220;2340,29;6,96
3167;0;36367712;2331,65;-1024,983
3168;0;36379196;2316,74;-900,07
3169;0;36390688;2310,97;-958,058
3170;0;36402180;2294,72;-933,531
3171;0;36413676;2289,51;533,85
3172;0;36425164;2306,99;1289,831
3173;0;36436648;2319,14;947,51
3174;0;36448140;2328,76;928,745
3175;0;36459636;2340,49;647,084
3176;0;36471120;2343,63;-181,09
3177;0;36482608;2336,33;-882,942
3178;0;36494100;2323,34;-641,104
3179;0;36505584;2321,6;77,907
3180;0;36517076;2325,13;731,07
3181;0;36528564;2338,4;1360,787
3182;0;36540048;2356,39;1329,824
3183;0;36551552;2368,97;953,106
3184;0;36563036;2378,3;224,582
3185;0;36574528;2374,13;-916,406
3186;0;36586028;2357,23;-2107,118
3187;0;36597512;2325,7;-2159,645
3188;0;36609004;2307,61;-744,56
3189;0;36620492;2308,59;877,285
3190;0;36631984;2327,77;1488,51
3191;0;36643468;2342,79;854,37
3192;0;36654960;2347,4;50,896
3193;0;36666456;2343,96;-771,976
3194;0;36677940;2329,66;-1001,741
3195;0;36689436;2320,94;-400,783
3196;0;36700920;2320,45;55,275
3197;0;36712412;2322,21;-38,281
3198;0;36723908;2319,57;-347,258
3199;0;36735392;2314,23;-495,821
3200;0;36746880;2308,18;-364,973
3201;0;36758380;2305,84;85,712
3202;0;36769864;2310,15;585,727
3203;0;36781360;2319,3;775,757
3204;0;36792848;2327,98;943,051
3205;0;36804328;2340,96;1101,393
3206;0;36815828;2353,29;1031,152
3207;0;36827312;2364,66;585,727
3208;0;36838808;2366,75;-277,488
3209;0;36850304;2358,28;-1065,524
3210;0;36861792;2342,26;-1453,185
3211;0;36873288;2324,88;-1461,96
3212;0;36884768;2308,67;-1519,241
3213;0;36896260;2289,98;-672,006
3214;0;36907744;2293,23;763,14
3215;0;36919244;2307,52;1685,955
3216;0;36930728;2331,98;2123,151
3217;0;36942224;2356,31;1206,701
3218;0;36953708;2359,71;-566,144
3219;0;36965204;2343,3;-1843,342
3220;0;36976688;2317,35;-1638,816
3221;0;36988184;2305,64;157,963
3222;0;36999668;2320,98;1496,255
3223;0;37011148;2340;2030,38
3224;0;37022644;2367,63;1697,982
3225;0;37034140;2379,04;-563,969
3226;0;37045624;2354,67;-2675,836
3227;0;37057116;2317,56;-3002,523
3228;12;37068608;2285,66;-2186,739
3229;12;37080100;2267,3;-696,693
3230;12;37091588;2269,65;1088,281
3231;12;37103072;2292,3;1830,925
3232;12;37114560;2311,71;1554,395
3233;12;37126052;2328,02;989,991
3234;12;37137540;2334,46;72,224
3235;12;37149036;2329,68;-974,761
3236;12;37160520;2312,06;-1787,269
3237;12;37172004;2288,63;-1356,36
3238;12;37183508;2280,88;-230,99
3239;12;37194992;2283,32;1100,522
3240;12;37206488;2306,17;1987,815
3241;12;37217972;2329;1429,815
3242;12;37229456;2339,01;617,821
3243;12;37240956;2343,2;-112,193
3244;12;37252452;2336,43;-957,789
3245;12;37263936;2321,19;-833,914
3246;12;37275428;2317,27;-21,75
3247;12;37286924;2320,69;776,762
3248;12;37298408;2335,12;1379,46
3249;12;37309904;2352,39;879,025
3250;12;37321388;2355,32;-342,096
3251;12;37332880;2344,53;-1743,255
3252;12;37344368;2315,26;-2574,835
3253;12;37355864;2285,35;-1311,989
3254;12;37367356;2285,1;1425,339
3255;12;37378848;2318,11;3293,022
3256;12;37390344;2360,8;3281,549
3257;12;37401828;2393,52;1889,034
3258;0;37413324;2404,21;140,097
3259;0;37424812;2396,74;-1921,236
3260;0;37436304;2360,06;-3746,954
3261;0;37447796;2310,62;-3601,201
3262;0;37459288;2277,29;-1468,489
3263;0;37470772;2276,88;1460,655
3264;0;37482264;2310,85;3096,067
3265;0;37493756;2348,04;1947,442
3266;0;37505248;2355,61;54,376
3267;0;37516744;2349,29;-164,926
3268;0;37528228;2351,82;12,622
3269;0;37539720;2349,58;-196,624
3270;0;37551216;2347,3;16,095
3271;0;37562708;2349,95;314,186
3272;0;37574196;2354,52;627,502
3273;0;37585688;2364,37;395,561
3274;0;37597176;2363,61;-139,276
3275;0;37608664;2361,17;112,726
3276;0;37620152;2366,2;281,163
3277;0;37631640;2367,63;-294,604
3278;0;37643132;2359,43;-1156,255
3279;0;37654628;2341,05;-1579,474
3280;0;37666108;2323,14;-1203,865
3281;0;37677604;2313,39;340,612
3282;0;37689096;2330,97;1932,016
3283;0;37700580;2357,78;1838,99
3284;0;37712076;2373,23;791,855
3285;0;37723564;2375,98;-6,965
3286;0;37735048;2373,07;-13,492
3287;0;37746540;2375,67;-264,051
3288;0;37758036;2367;-1025,674
3289;0;37769520;2352,1;-1559,018
3290;0;37781012;2331,18;-1918,19
3291;0;37792500;2308,02;-1022,549
3292;0;37803984;2307,69;804,178
3293;0;37815480;2326,5;1591,265
3294;0;37826972;2344,27;998,433
3295;0;37838456;2349,44;35,689
3296;0;37849948;2345,09;-529,775
3297;0;37861428;2337,27;-645,667
3298;0;37872932;2330,25;-696,885
3299;0;37884416;2321,25;-1139,213
3300;0;37895904;2304,08;-1416,507
3301;0;37907388;2288,71;-713,105
3302;0;37918888;2287,69;843,63
3303;0;37930372;2308,1;1723,703
3304;0;37941856;2327,28;1055,449
3305;0;37953348;2332,35;-92,657
3306;0;37964844;2325,15;-988,079
3307;0;37976332;2309,64;-1154,884
3308;0;37987816;2298,62;-460,125
3309;0;37999304;2299,07;455,258
3310;0;38010792;2309,08;1181,233
3311;0;38022280;2326,21;980,776
3312;0;38033784;2331,63;-5,219
3313;0;38045272;2326,09;-1170,991
3314;0;38056756;2304,73;-1770,235
3315;0;38068252;2285,41;-936,304
3316;0;38079740;2283,21;80,491
3317;0;38091236;2287,26;768,327
3318;0;38102712;2300,86;1168,611
3319;0;38114212;2314,11;927,005
3320;0;38125700;2322,17;175,744
3321;0;38137200;2318,15;-585,625
3322;0;38148684;2308,71;-815,057
3323;0;38160180;2299,42;-594,326
3324;0;38171668;2295,05;-233,804
3325;0;38183148;2294,05;79,634
3326;0;38194648;2296,88;-138,381
3327;0;38206128;2290,87;-652,742
3328;0;38217628;2281,88;-695,266
3329;0;38229112;2274,89;-798,956
3330;0;38240608;2263,52;-1325,474
3331;0;38252100;2244,42;-1513,318
3332;0;38263584;2228,75;-787,206
3333;0;38275080;2226,33;107,901
3334;0;38286568;2231,23;852,629
3335;0;38298056;2245,92;1187,097
3336;0;38309540;2258,5;935,214
3337;0;38321024;2267,4;651,436
3338;0;38332520;2273,47;107,901
3339;0;38344008;2269,88;-722,619
3340;0;38355492;2256,87;-900,226
3341;0;38366980;2249,2;-354,283
3342;0;38378468;2248,73;-83,957
3343;0;38389968;2247,27;-348,068
3344;0;38401452;2240,73;-523,337
3345;0;38412936;2235,25;-470,491
3346;0;38424428;2229,92;-615,539
3347;0;38435924;2221,1;-884,682
3348;13;38447408;2209,59;-624,13
3349;13;38458900;2206,76;342,907
3350;13;38470388;2217,47;1086,654
3351;13;38481888;2231,74;1367,038
3352;13;38493372;2248,89;1071,553
3353;13;38504864;2256,36;-30,902
3354;13;38516348;2248,18;-749,913
3355;13;38527840;2239,13;-451,619
3356;13;38539332;2237,8;-4,352
3357;13;38550820;2239,03;-71,802
3358;13;38562312;2236,15;-325,122
3359;13;38573796;2231,56;182,269
3360;13;38585300;2240,34;813,033
3361;13;38596784;2250,25;263,272
3362;13;38608280;2246,39;-708,877
3363;13;38619764;2233,96;-678,534
3364;13;38631256;2230,8;-160,602
3365;13;38642740;2230,27;-326,863
3366;13;38654232;2223,29;108,79
3367;13;38665720;2232,77;696,5
3368;13;38677204;2239,29;47,424
3369;13;38688704;2233,86;-200,47
3370;13;38700200;2234,68;474,761
3371;13;38711684;2244,77;1344,915
3372;13;38723168;2265,57;1534,546
3373;13;38734668;2280,04;815,927
3374;13;38746148;2284,32;-316,307
3375;13;38757652;2272,77;-1371,585
3376;13;38769136;2252,79;-1508,621
3377;13;38780620;2238,12;-736,906
3378;13;38792124;2235,85;214,422
3379;13;38803612;2243,05;1325,731
3380;13;38815100;2266,31;1752,959
3381;13;38826596;2283,34;997,042
3382;13;38838088;2289,23;640,233
3383;13;38849572;2298,05;664,171
3384;13;38861064;2304,49;1017,229
3385;13;38872556;2321,43;1539,701
3386;13;38884036;2339,86;693,647
3387;13;38895536;2337,37;-703,41
3388;13;38907024;2323,69;-1534,378
3389;13;38918516;2302,11;-1028,977
3390;13;38930008;2300,04;1205,171
3391;13;38941492;2329,8;2221,062
3392;13;38952988;2351,08;1192,114
3393;13;38964468;2357,19;264,143
3394;13;38975968;2357,15;-690,795
3395;13;38987456;2341,31;-1042,464
3396;13;38998952;2333,19;332,898
3397;13;39010436;2348,96;1059,986
3398;13;39021924;2357,54;268,93
3399;13;39033416;2355,14;-737,341
3400;13;39044912;2340,59;-1117,929
3401;13;39056396;2329,45;-349,93
3402;13;39067888;2332,55;391,944
3403;13;39079384;2338,46;183,203
3404;13;39090868;2336,76;-536,647
3405;13;39102360;2326,13;-828,258
3406;13;39113856;2317,72;-489,036
3407;13;39125344;2314,89;398,311
3408;13;39136828;2326,87;1233,026
3409;13;39148320;2343,22;1092,119
3410;13;39159820;2351,98;174,904
3411;13;39171304;2347,24;-684,943
3412;13;39182800;2336,24;-950,827
3413;13;39194284;2325,39;-764,276
3414;13;39205776;2318,68;-107,068
3415;13;39217260;2322,93;480,418
3416;13;39228756;2329,72;-87,452
3417;13;39240244;2320,92;-989,638
3418;13;39251724;2306,99;-1087,657
3419;13;39263220;2295,93;-103,532
3420;13;39274712;2304,61;1655,352
3421;13;39286200;2333,97;2279,335
3422;13;39297688;2356,98;1943,623
3423;13;39309188;2378,65;1238,907
3424;0;39320676;2385,46;-853,351
3425;0;39332168;2359,04;-2886,858
3426;0;39343656;2319,12;-2776,327
3427;0;39355148;2295,24;-1469,539
3428;14;39366636;2285,35;-392,08
3429;14;39378128;2286,23;585,727
3430;14;39389616;2298,81;1012,361
3431;14;39401104;2309,49;1032,817
3432;14;39412592;2322,54;836,669
3433;14;39424088;2328,72;296,242
3434;14;39435580;2329,35;-25,244
3435;14;39447064;2328,14;-204,633
3436;14;39458548;2324,65;-43,524
3437;14;39470040;2327,14;-99,617
3438;14;39481536;2322,36;-678,298
3439;14;39493024;2311,55;-593,331
3440;14;39504508;2308,73;-295,526
3441;14;39516000;2304,76;283,241
3442;14;39527492;2315,24;916,449
3443;14;39538980;2325,82;720,191
3444;14;39550472;2331,79;642,198
3445;14;39561948;2340,57;420,874
3446;14;39573448;2341,46;-514,437
3447;14;39584944;2328,74;-890,339
3448;14;39596428;2321;-475,61
3449;14;39607904;2317,82;-74,822
3450;14;39619416;2319,28;731,432
3451;14;39630900;2334,64;865,1
3452;14;39642396;2339,16;155,325
3453;14;39653884;2338,21;-342,967
3454;14;39665372;2331,28;-599,443
3455;14;39676872;2324,43;197,929
3456;14;39688360;2335,83;1053,525
3457;14;39699852;2348,64;1041,086
3458;14;39711336;2359,75;749,652
3459;14;39722836;2365,87;-190,099
3460;14;39734324;2355,38;-1188,425
3461;14;39745816;2338,56;-1513,318
3462;14;39757300;2320,61;-965,959
3463;14;39768788;2316,37;503,306
3464;14;39780288;2332,18;2003,219
3465;14;39791776;2362,42;2184,998
3466;14;39803272;2382,4;933,856
3467;14;39814756;2383,88;-476,667
3468;14;39826244;2371,45;-2000,957
3469;14;39837740;2337,89;-2723,673
3470;14;39849224;2308,86;-1415,39
3471;14;39860716;2305,37;977,011
3472;14;39872192;2331,3;2602,298
3473;14;39883688;2365,15;2604,384
3474;14;39895184;2391,18;1859,99
3475;0;39906672;2407,9;511,057
3476;0;39918156;2402,92;-1090,268
3477;0;39929648;2382,85;-1667,537
3478;0;39941136;2364,6;-1179,951
3479;0;39952632;2355,73;-798,956
3480;0;39964116;2346,24;-1306,373
3481;0;39975604;2325,72;-1355,689
3482;0;39987108;2315,07;-670,466
3483;0;39998588;2310,31;398,242
3484;0;40010084;2324,22;1708,855
3485;0;40021580;2349,6;1763,836
3486;0;40033068;2364,76;402,664
3487;0;40044552;2358,85;-1186,249
3488;0;40056048;2337,5;-2132,852
3489;0;40067540;2309,82;-1965,529
3490;15;40079024;2292,34;-734,68
3491;15;40090516;2292,94;519,492
3492;15;40102008;2304,28;899,756
3493;15;40113500;2313,62;551,88
3494;15;40124984;2316,96;148,851
3495;15;40136476;2317,04;86,582
3496;15;40147968;2318,95;-132,701
3497;15;40159460;2313,99;-315,872
3498;15;40170952;2311,69;85,742
3499;15;40182436;2315,96;455,969
3500;15;40193936;2322,17;639,575
3501;15;40205420;2330,66;579,634
3502;15;40216916;2335,49;-23,064
3503;15;40228400;2330,13;-1028,029
3504;15;40239892;2311,87;-1322,659
3505;15;40251384;2299,73;-426,458
3506;15;40262872;2302,07;883,966
3507;15;40274360;2320,04;1722,832
3508;15;40285840;2341,64;1624,456
3509;15;40297340;2357,37;1117,391
3510;15;40308840;2367,34;162,722
3511;15;40320324;2361,11;-629,243
3512;15;40331820;2352,88;100,94
3513;15;40343308;2363,43;1278,726
3514;15;40354796;2382,26;1360,947
3515;15;40366292;2394,71;655,238
3516;15;40377780;2397,32;450,035
3517;0;40389268;2405,05;-89,674
3518;0;40400752;2395,26;-1257,615
3519;0;40412248;2376,15;-1519,224
3520;0;40423744;2360,33;-944,57
3521;0;40435232;2354,44;392,652
3522;0;40446716;2369,35;1595,578
3523;0;40458208;2391,1;1287,641
3524;0;40469696;2398,94;-151,924
3525;0;40481180;2387,61;-1907,746
3526;0;40492676;2355,1;-2611,343
3527;0;40504172;2327,57;-1356,832
3528;0;40515656;2323,92;481,723
3529;0;40527152;2338,64;832,608
3530;0;40538644;2343,06;-188,121
3531;0;40550116;2334,32;-769,063
3532;0;40561620;2325,39;-868,847
3533;0;40573112;2314,34;-738,903
3534;0;40584600;2308,41;139,3
3535;0;40596084;2317,54;1227,597
3536;0;40607588;2336,63;1050,113
3537;0;40619072;2341,68;24,369
3538;0;40630568;2337,19;-676,558
3539;0;40642056;2326,13;-949,417
3540;0;40653540;2315,38;-440,024
3541;0;40665032;2316,02;344,768
3542;0;40676512;2323,3;941,852
3543;0;40688008;2337,66;1154,482
3544;0;40699492;2349,83;-90,094
3545;0;40710984;2335,59;-1615,626
3546;0;40722480;2312,69;-1647,084
3547;0;40733964;2297,74;-628,482
3548;0;40745456;2298,25;67,015
3549;0;40756944;2299,28;189,229
3550;0;40768444;2302,6;320,223
3551;0;40779928;2306,64;400,853
3552;0;40791420;2311,81;494,778
3553;0;40802908;2318,01;-30,467
3554;0;40814396;2311,11;-1163,651
3555;0;40825896;2291,26;-2119,735
3556;0;40837380;2262,39;-2139,997
3557;0;40848868;2242,1;-1502,699
3558;0;40860352;2227,87;-739,903
3559;0;40871844;2225,1;541,587
3560;0;40883340;2240,32;1519,753
3561;0;40894828;2260,03;1316,797
3562;0;40906320;2270,58;-4,351
3563;0;40917812;2259,93;-1374,674
3564;0;40929300;2238,99;-1307,244
3565;0;40940784;2229,9;102,263
3566;0;40952280;2241,34;1430,437
3567;0;40963756;2262,76;1276,985
3568;0;40975256;2270,68;568,459
3569;0;40986748;2275,83;168,813
3570;0;40998240;2274,56;-394,622
3571;0;41009732;2266,76;-344,648
3572;0;41021220;2266,64;380,331
3573;0;41032712;2275,5;885,707
3574;0;41044196;2286,99;969,708
3575;0;41055688;2297,78;766,15
3576;0;41067168;2304,59;260,661
3577;0;41078668;2303,77;-332,724
3578;0;41090160;2296,94;-697,877
3579;0;41101652;2287,73;-272,316
3580;0;41113148;2290,68;989,647
3581;0;41124640;2310,48;1107,92
3582;0;41136128;2316,14;188,392
3583;0;41147624;2314,81;-75,705
3584;0;41159112;2314,4;-224,186
3585;0;41170596;2309,66;-461,867
3586;0;41182084;2303,79;-474,326
3587;0;41193576;2298,76;-268,401
3588;0;41205072;2297,62;-354,221
3589;0;41216556;2290,62;-779,509
3590;0;41228048;2279,71;-803,898
3591;0;41239544;2272,14;-284,16
3592;0;41251028;2273,18;-12,626
3593;0;41262512;2271,85;-417,029
3594;0;41274000;2263,6;-1105,794
3595;0;41285500;2246,43;-1642,31
3596;16;41296992;2225,84;-1438,827
3597;16;41308484;2213,36;-67,897
3598;16;41319968;2224,28;1497,301
3599;16;41331452;2247,75;1835,074
3600;16;41342948;2266,45;1350,94
3601;16;41354436;2278,8;565,274
3602;16;41365928;2279,44;-680,512
3603;16;41377404;2263,17;-1479,37
3604;16;41388904;2245,45;-1052,906
3605;16;41400388;2238,97;229,33
3606;16;41411884;2250,72;1640,856
3607;16;41423376;2276,69;1975,104
3608;16;41434860;2296,1;497,476
3609;16;41446352;2288,12;-1583
3610;16;41457848;2259,71;-2338,583
3611;16;41469336;2234,37;-1717,009
3612;16;41480824;2220,26;-591,052
3613;16;41492312;2220,79;528,285
3614;16;41503804;2232,4;675,923
3615;16;41515288;2236,32;100,957
3616;16;41526784;2234,72;-40,049
3617;16;41538260;2235,4;24,808
3618;16;41549760;2235,29;-374,108
3619;16;41561248;2226,8;-581,142
3620;16;41572732;2221,94;23,068
3621;16;41584224;2227,33;377,654
3622;16;41595716;2230,62;832,898
3623;16;41607204;2246,47;1443,178
3624;16;41618700;2263,79;811,293
3625;16;41630192;2265,12;87,483
3626;16;41641676;2265,8;745,301
3627;16;41653176;2282,25;2258,177
3628;16;41664668;2317,72;2765,93
3629;16;41676152;2345,8;1535,515
3630;0;41687644;2353;-167,566
3631;0;41699128;2341,95;-1746,128
3632;0;41710632;2312,86;-2191,143
3633;0;41722116;2291,58;-1545,526
3634;0;41733608;2277,35;-595,404
3635;0;41745092;2277,9;848,851
3636;0;41756592;2296,86;1262,613
3637;0;41768084;2306,93;134,418
3638;0;41779580;2299,95;-707,761
3639;0;41791072;2290,66;-576,588
3640;0;41802560;2286,7;-560,683
3641;0;41814044;2277,78;-699,861
3642;0;41825536;2270,62;-730,2
3643;0;41837024;2261;-1016,632
3644;0;41848504;2247,27;-1241,95
3645;0;41860004;2232,46;-1157,125
3646;0;41871492;2220,67;-961,271
3647;0;41882984;2210,37;-341,166
3648;0;41894472;2212,83;408,687
3649;0;41905960;2219,76;669,829
3650;0;41917448;2228,22;687,435
3651;0;41928944;2235,56;612,165
3652;0;41940432;2242,29;733,449
3653;0;41951904;2252,4;863,66
3654;0;41963404;2262,13;705,898
3655;0;41974896;2268,63;340,731
3656;0;41986384;2269,96;-453,438
3657;0;41997876;2258,21;-1440,818
3658;0;42009364;2236,85;-2164,926
3659;0;42020856;2208,46;-2213,764
3660;0;42032352;2185,96;-1339,394
3661;0;42043844;2177,67;182,831
3662;0;42055324;2190,16;1612,272
3663;0;42066824;2214,72;1880,546
3664;0;42078312;2233,39;978,242
3665;0;42089804;2237,2;-228,935
3666;0;42101288;2228,13;-661,56
3667;0;42112780;2222;68,755
3668;0;42124268;2229,71;1344,849
3669;0;42135764;2252,91;1945,17
3670;0;42147248;2274,41;846,83
3671;0;42158732;2272,36;-1374,913
3672;0;42170224;2242,82;-2815,382
3673;0;42181720;2207,64;-2869,758
3674;0;42193212;2176,85;-2121,344
3675;17;42204696;2158,9;-972,319
3676;17;42216188;2154,51;968,5
3677;17;42227680;2181,16;2590,482
3678;17;42239176;2214,06;2077,023
3679;17;42250660;2228,89;500,261
3680;17;42262144;2225,55;-783,725
3681;17;42273640;2210,88;-876,544
3682;17;42285132;2205,4;-258,876
3683;17;42296624;2204,93;92,238
3684;17;42308116;2207,52;371,692
3685;17;42319600;2213,47;48,73
3686;17;42331100;2208,64;-477,557
3687;17;42342592;2202,49;-274,539
3688;17;42354084;2202,33;-45,692
3689;17;42365572;2201,44;-110,096
3690;17;42377064;2199,8;24,365
3691;17;42388556;2202;243,775
3692;17;42400036;2205,4;-95,769
3693;17;42411528;2199,8;-809,681
3694;17;42423008;2186,8;-1246,301
3695;17;42434508;2171,16;-1026,009
3696;17;42446000;2163,21;34,813
3697;17;42457488;2171,96;1328,574
3698;17;42468972;2193,73;1847,807
3699;17;42480472;2214,43;837,683
3700;17;42491964;2212,99;-825,648
3701;17;42503460;2195,45;-1412,476
3702;17;42514952;2180,52;-733,809
3703;17;42526436;2178,59;316,037
3704;17;42537924;2187,78;957,789
3705;17;42549416;2200,6;888,009
3706;17;42560908;2208,19;-147,11
3707;17;42572392;2197,22;-1250,218
3708;17;42583896;2179,45;-1285,888
3709;17;42595380;2167,66;-302,49
3710;17;42606872;2172,5;622,064
3711;17;42618368;2181,96;1013,231
3712;17;42629848;2195,78;1222,145
3713;17;42641344;2210,04;803,603
3714;17;42652832;2214,25;152,715
3715;17;42664328;2213,55;-619,454
3716;17;42675820;2200,01;-1379,701
3717;17;42687304;2181,85;-1187,348
3718;17;42698804;2172,72;33,919
3719;17;42710300;2182,63;1211,488
3720;17;42721784;2200,56;869,906
3721;17;42733268;2202,61;-409,344
3722;17;42744772;2191,15;-1338,929
3723;17;42756264;2171,82;-1480,773
3724;17;42767760;2157,11;-703,098
3725;17;42779248;2155,66;826,079
3726;17;42790736;2176,09;1874,13
3727;17;42802224;2198,72;1502,176
3728;17;42813716;2210,61;524,622
3729;17;42825212;2210,78;-529,156
3730;17;42836696;2198,45;-869,3
3731;17;42848196;2190,8;-257,135
3732;17;42859680;2192,54;856,111
3733;17;42871172;2210,47;1939,415
3734;17;42882656;2237,1;2369,039
3735;17;42894156;2264,92;2671,424
3736;17;42905640;2298,5;2868,274
3737;17;42917128;2330,81;3120,975
3738;17;42928620;2370,22;3701,237
3739;17;42940096;2415,82;3046,562
3740;0;42951600;2440,23;603,358
3741;0;42963084;2429,69;-2222,319
3742;0;42974576;2389,17;-3595,735
3743;0;42986064;2347,06;-2967,88
3744;0;42997552;2320,98;-1359,878
3745;0;43009044;2315,81;-262,356
3746;0;43020536;2314,95;-310,759
3747;0;43032020;2308,67;-176,768
3748;0;43043504;2310,89;1122,28
3749;0;43055000;2334,46;2184,998
3750;0;43066488;2361,11;1607,64
3751;0;43077984;2371,41;790,55
3752;0;43089472;2379,28;-242,862
3753;0;43100960;2365,83;-1557,712
3754;0;43112448;2343,49;-1339,426
3755;0;43123940;2335,05;-120,54
3756;0;43135428;2340,72;498,433
3757;0;43146912;2346,5;274,974
3758;0;43158412;2347,04;-449,956
3759;0;43169892;2336,16;-1211,699
3760;0;43181388;2319,2;-1166,058
3761;0;43192884;2309,35;-587,57
3762;0;43204364;2305,7;269,847
3763;0;43215860;2315,55;1180,616
3764;0;43227352;2332,84;1265,228
3765;0;43238844;2344,63;491,818
3766;0;43250328;2344,14;-672,876
3767;0;43261820;2329,17;-1410,736
3768;0;43273316;2311,71;-671,337
3769;0;43284804;2313,74;872,933
3770;0;43296296;2331,77;1885,553
3771;0;43307784;2357,07;1568,704
3772;0;43319264;2367,8;303,36
3773;0;43330760;2364,04;-1419,248
3774;0;43342248;2335,18;-3213,042
3775;0;43353732;2290,23;-3193,211
3776;0;43365228;2261,8;-1624,021
3777;0;43376712;2252,91;-141,887
3778;0;43388204;2258,54;726,845
3779;0;43399688;2269,61;964,217
3780;0;43411176;2280,69;316,307
3781;0;43422672;2276,88;-772,846
3782;0;43434156;2262,93;-1309,835
3783;0;43445652;2246,78;-1106,757
3784;0;43457124;2237,51;-425,736
3785;0;43468624;2237;-586,495
3786;0;43480108;2224,03;-1089,587
3787;0;43491596;2211,97;-968,5
3788;18;43503092;2201,77;-687,043
3789;18;43514564;2196,19;145,804
3790;18;43526068;2205,12;1502,435
3791;18;43537560;2230,74;2799,391
3792;18;43549048;2269,45;2894,256
3793;18;43560540;2297,25;1632,44
3794;18;43572032;2306,97;360,251
3795;18;43583524;2305,53;-287,692
3796;18;43595008;2300,36;-282,855
3797;18;43606504;2299,03;-330,345
3798;18;43617984;2292,77;-1195,387
3799;18;43629484;2271,56;-2045,336
3800;18;43640968;2245,76;-1809,714
3801;18;43652460;2229,98;-666,116
3802;18;43663952;2230,45;506,004
3803;18;43675444;2241,61;727,463
3804;18;43686936;2247,17;-188,359
3805;18;43698432;2237,28;-972,15
3806;18;43709916;2224,83;-875,849
3807;18;43721404;2217,16;-28,721
3808;18;43732896;2224,17;1099,46
3809;18;43744388;2242,43;1006,267
3810;18;43755872;2247,29;441,253
3811;18;43767368;2252,57;485,555
3812;18;43778856;2258,45;259,791
3813;18;43790348;2258,54;-151,436
3814;18;43801836;2254,97;-798,085
3815;18;43813328;2240,2;-1001,741
3816;18;43824816;2231,95;-465,025
3817;18;43836316;2229,51;161,389
3818;18;43847804;2235,66;1042,646
3819;18;43859296;2253,47;1755,31
3820;18;43870780;2275,99;1486,769
3821;18;43882272;2287,63;509,831
3822;18;43893768;2287,71;424,717
3823;18;43905252;2297,39;974,761
3824;18;43916748;2310,11;403,464
3825;18;43928228;2306,66;-156,223
3826;18;43939728;2306,52;-164,027
3827;18;43951212;2302,89;-436,466
3828;18;43962708;2296,49;-104,402
3829;18;43974200;2300,49;484,685
3830;18;43985692;2307,63;823,473
3831;18;43997188;2319,42;1211,053
3832;18;44008672;2335,46;1319,868
3833;18;44020160;2349,74;2067,735
3834;18;44031644;2382,96;2936,031
3835;18;44043140;2417,21;2011,834
3836;18;44054628;2429,2;532,295
3837;18;44066116;2429,44;33,507
3838;18;44077608;2429,97;349,809
3839;18;44089100;2437,48;77,921
3840;18;44100580;2431,76;-978,412
3841;18;44112076;2415;-1001,392
3842;18;44123568;2408,74;113,162
3843;18;44135052;2417,6;983,899
3844;18;44146548;2431,35;364,166
3845;18;44158036;2425,97;-1230,856
3846;18;44169532;2403,06;-1284,819
3847;18;44181012;2396,45;1014,278
3848;18;44192504;2426,36;2802,819
3849;18;44203996;2460,87;2164,432
3850;18;44215480;2476,09;1487,546
3851;18;44226960;2495,03;1030,82
3852;18;44238452;2499,77;-728,949
3853;18;44249952;2478,27;-1996,171
3854;18;44261436;2453,89;-1212,57
3855;18;44272928;2450,41;483,815
3856;18;44284420;2465,01;1498,955
3857;18;44295904;2484,85;1262,182
3858;18;44307404;2494,02;-760,397
3859;18;44318892;2467,37;-2700,139
3860;18;44330388;2431,96;-903,394
3861;18;44341872;2446,61;2334,696
3862;18;44353376;2485,63;2656,603
3863;18;44364860;2507,68;1989,991
3864;18;44376356;2531,36;2219,805
3865;18;44387844;2558,7;1862,702
3866;0;44399328;2574,15;235,816
3867;0;44410828;2564,12;-1943,623
3868;0;44422316;2529,47;-3126,197
3869;0;44433808;2492,28;-2312,881
3870;0;44445296;2476,32;-436,315
3871;0;44456796;2482,25;663,825
3872;0;44468284;2491,58;920,366
3873;0;44479776;2503,4;820,421
3874;0;44491260;2510,43;-235,939
3875;0;44502748;2497,98;-1329,389
3876;0;44514248;2479,87;-1216,945
3877;0;44525740;2470;-263,662
3878;0;44537232;2473,81;1267,624
3879;0;44548720;2499,13;1630,983
3880;0;44560212;2511,29;281,016
3881;0;44571708;2505,59;-1286,336
3882;0;44583192;2481,73;-3000,958
3883;0;44594684;2436,64;-3117,601
3884;0;44606168;2410,1;-952,236
3885;0;44617672;2414,75;550,287
3886;0;44629156;2422,75;308,094
3887;0;44640652;2421,83;393,821
3888;0;44652136;2431,8;987,724
3889;0;44663624;2444,52;1054,212
3890;0;44675120;2456,03;863,209
3891;0;44686608;2464,36;519,492
3892;0;44698104;2467,97;-90,078
3893;0;44709588;2462,29;-893,665
3894;0;44721088;2447,43;-826,231
3895;0;44732584;2443,29;136,641
3896;0;44744068;2450,57;510,711
3897;0;44755552;2455,02;310,705
3898;0;44767048;2457,71;-119,607
3899;0;44778544;2452,27;-757,919
3900;0;44790032;2440,29;-1212,345
3901;0;44801516;2424,42;-842,765
3902;0;44813004;2420,93;61,368
3903;0;44824492;2425,83;355,9
3904;0;44835988;2429,11;439,001
3905;0;44847476;2435,92;54,414
3906;0;44858960;2430,36;-672,876
3907;0;44870452;2420,46;-636,316
3908;0;44881936;2415,74;-91,384
3909;0;44893432;2418,36;530,026
3910;0;44904916;2427,92;443,225
3911;0;44916400;2428,54;226,758
3912;0;44927892;2433,13;614,775
3913;0;44939384;2442,67;1003,481
3914;0;44950872;2456,19;1301,149
3915;0;44962356;2472,56;1407,991
3916;0;44973848;2488,54;1394,448
3917;0;44985340;2504,61;715,156
3918;0;44996836;2504,98;-749,347
3919;0;45008320;2487,39;-1830,373
3920;0;45019804;2462,94;-1812,326
3921;0;45031296;2445,75;-1133,397
3922;0;45042788;2436,89;-428,708
3923;0;45054272;2435,9;221,497
3924;0;45065768;2441,98;-134,465
3925;0;45077252;2432,81;-887,728
3926;0;45088748;2421,58;-506,527
3927;0;45100232;2421,17;188,425
3928;0;45111728;2425,91;451,697
3929;0;45123212;2431,55;361,682
3930;0;45134704;2434,22;267,142
3931;0;45146196;2437,69;202,82
3932;0;45157680;2438,88;-560,78
3933;0;45169164;2424,81;-1509,836
3934;0;45180656;2404,19;-1421,859
3935;0;45192148;2392,13;-397,164
3936;0;45203644;2395,06;741,643
3937;0;45215124;2409,17;1116,141
3938;0;45226616;2420,7;-186,152
3939;0;45238116;2404,89;-1555,43
3940;0;45249600;2384,95;-1343,141
3941;19;45261092;2374,03;-806,353
3942;19;45272580;2366,42;-155,38
3943;19;45284068;2370,46;847,834
3944;19;45295568;2385,91;990,172
3945;19;45307064;2393,23;248,869
3946;19;45318552;2391,63;13,495
3947;19;45330036;2393,54;215,442
3948;19;45341528;2396,58;449,8
3949;19;45353024;2403,88;791,282
3950;19;45364516;2414,77;378,524
3951;19;45376008;2412,58;-723,799
3952;19;45387492;2398,14;-1469,027
3953;19;45398996;2378,81;-1209,116
3954;19;45410484;2370,34;-413,547
3955;19;45421968;2369,31;83,145
3956;19;45433456;2372,25;954,142
3957;19;45444952;2391,24;1797,025
3958;19;45456444;2413,56;1554,395
3959;19;45467932;2426,96;560,052
3960;19;45479424;2426,43;-381,267
3961;19;45490908;2418,2;-107,466
3962;19;45502408;2423,96;847,981
3963;19;45513892;2437,69;1364,467
3964;19;45525384;2455,31;668,291
3965;19;45536876;2453,05;-868,581
3966;19;45548364;2435,35;-1642,31
3967;19;45559868;2415,29;-1712,633
3968;19;45571352;2395,98;-1222,58
3969;19;45582844;2387,2;-736,421
3970;19;45594328;2379,06;-128,417
3971;19;45605816;2384,25;1076,896
3972;19;45617320;2403,82;2110,299
3973;19;45628808;2432,77;2654,101
3974;19;45640292;2464,79;2456,469
3975;19;45651780;2489,2;1013,055
3976;19;45663272;2488,07;-1194,933
3977;19;45674752;2461,75;-2456,041
3978;19;45686248;2431,64;-2154,047
3979;19;45697732;2412,25;-1069,44
3980;19;45709232;2407,06;-22,193
3981;19;45720712;2411,74;1117,207
3982;19;45732200;2432,72;1220,616
3983;19;45743684;2439,78;-202,385
3984;19;45755176;2428,07;-1230,629
3985;19;45766656;2411,51;-1293,539
3986;19;45778144;2398,36;-645,456
3987;19;45789632;2396,68;102,734
3988;19;45801116;2400,72;321,472
3989;19;45812620;2404,07;1055,952
3990;19;45824100;2424,99;1703,813
3991;19;45835592;2443,21;1183,02
3992;19;45847092;2452,19;849,869
3993;19;45858572;2462,74;194,551
3994;19;45870068;2456,66;-1202,576
3995;19;45881556;2435,1;-2249,26
3996;19;45893040;2404,99;-1969,262
3997;19;45904524;2389,87;232,022
3998;19;45916012;2410,32;2365,124
3999;19;45927508;2444,23;2516,536
4000;19;45938992;2468,15;1550,044
4001;19;45950488;2479,85;379,593
4002;19;45961964;2476,87;-1129,875
4003;19;45973464;2453,89;-1896,747
4004;19;45984956;2433,26;-1223,247
4005;19;45996452;2425,77;19,582
4006;19;46007936;2433,71;1072,92
4007;19;46019436;2450,43;1201,931
4008;19;46030924;2461,34;900,94
4009;19;46042412;2471,13;-71,379
4010;19;46053900;2459,7;-1133,554
4011;19;46065384;2445,09;-872,518
4012;19;46076868;2439,66;-153,993
4013;19;46088372;2441,55;692,294
4014;19;46099864;2455,58;1171,222
4015;19;46111348;2468,46;1391,645
4016;19;46122844;2487,56;1831,942
4017;19;46134340;2510,58;1543,516
4018;19;46145824;2523,03;867,143
4019;0;46157312;2530,5;213,266
4020;0;46168800;2527,93;-1149,73
4021;0;46180300;2504,07;-2183,638
4022;0;46191780;2477,75;-2094,724
4023;0;46203272;2455,95;-1266,974
4024;0;46214756;2448,64;608,684
4025;0;46226256;2469,94;2065,501
4026;0;46237748;2496,13;1691,752
4027;0;46249244;2508,83;566,817
4028;0;46260736;2509,16;-105,346
4029;0;46272216;2506,41;-269,365
4030;0;46283716;2502,97;-186,619
4031;0;46295204;2502,12;191,002
4032;0;46306700;2507,36;151,845
4033;0;46318188;2505,61;-229,765
4034;0;46329680;2502,08;-605,309
4035;0;46341168;2491,7;-1427,95
4036;0;46352664;2469,26;-1799,391
4037;0;46364148;2450,35;-821,435
4038;0;46375636;2450,39;553,186
4039;0;46387124;2463,06;861,634
4040;0;46398604;2470,18;164,519
4041;0;46410100;2466,84;-313,316
4042;0;46421584;2462,98;-321,64
4043;0;46433076;2459,45;-419,422
4044;0;46444568;2453,34;-476,584
4045;0;46456052;2448,5;-220,703
4046;0;46467540;2448,27;416,159
4047;0;46479024;2458,06;1129,439
4048;0;46490516;2474,22;853,924
4049;0;46502012;2477,69;-352,48
4050;0;46513496;2466,12;-1147,755
4051;0;46524996;2451,31;-1368,737
4052;0;46536488;2434,65;-1591,226
4053;0;46547972;2414,75;-1586,162
4054;0;46559468;2398,2;-515,486
4055;0;46570960;2402,9;1065,895
4056;0;46582444;2422,69;1634,749
4057;0;46593936;2440,46;1465,802
4058;0;46605428;2456,38;605,204
4059;0;46616920;2454,37;-737,341
4060;0;46628416;2439,43;-1072,734
4061;0;46639908;2429,71;-600,313
4062;0;46651404;2425,63;-499,913
4063;0;46662892;2418,22;-468,587
4064;0;46674388;2414,86;342,907
4065;0;46685872;2426,1;1373,172
4066;0;46697364;2446,41;1645,057
4067;0;46708856;2463,91;796,345
4068;0;46720344;2464,71;-565,176
4069;0;46731840;2450,92;-1448,834
4070;0;46743328;2431,41;-1577,184
4071;0;46754824;2414,67;-745,301
4072;0;46766312;2414,28;507,139
4073;0;46777796;2426,32;1338,586
4074;0;46789284;2445,03;1494,083
4075;0;46800780;2460,66;283,191
4076;0;46812272;2451,54;-1374,042
4077;0;46823756;2429,09;-1985,985
4078;0;46835248;2405,91;-1731,907
4079;0;46846748;2389,27;-968,331
4080;0;46858236;2383,65;318,973
4081;0;46869728;2396,6;1163,185
4082;0;46881216;2410,38;900,226
4083;0;46892700;2417,28;519,582
4084;0;46904196;2422,32;88,292
4085;0;46915692;2419,31;-624,456
4086;0;46927192;2407,96;-857,118
4087;0;46938676;2399,61;-734,68
4088;0;46950168;2391,08;-835,8
4089;0;46961648;2380,41;-676,44
4090;0;46973156;2375,53;-296,138
4091;20;46984644;2373,6;-211,562
4092;20;46996128;2370,67;356,459
4093;20;47007620;2381,79;1292,653
4094;20;47019104;2400,37;1747,302
4095;20;47030604;2421,95;1440,567
4096;20;47042088;2433,48;36,995
4097;20;47053580;2422,8;-1345,485
4098;20;47065076;2402,55;-1808,094
4099;20;47076560;2381,25;-1377,329
4100;20;47088048;2370,91;-354,283
4101;20;47099536;2373,11;578,663
4102;20;47111032;2384,21;937,717
4103;20;47122528;2394,67;573,007
4104;20;47134016;2397,38;177,608
4105;20;47145500;2398,75;-309,072
4106;20;47156988;2390,28;-617,279
4107;20;47168488;2384,56;-8,267
4108;20;47179972;2390,09;575,818
4109;20;47191464;2397,79;864,95
4110;20;47202956;2409,97;1568,372
4111;20;47214456;2433,85;2879,394
4112;20;47225940;2476,15;3362,924
4113;20;47237436;2511,13;1639,266
4114;0;47248932;2513,84;-1157,295
4115;0;47260412;2484,54;-2786,436
4116;0;47271904;2449,83;-2297,721
4117;0;47283400;2431,72;-490,691
4118;0;47294892;2438,55;855,962
4119;0;47306380;2451,39;565,947
4120;0;47317880;2451,56;-871,759
4121;0;47329368;2431,35;-2411,678
4122;21;47340864;2396,13;-2731,385
4123;21;47352360;2368,55;-1027,338
4124;21;47363836;2372,53;1483,287
4125;21;47375336;2402,63;2125,152
4126;21;47386832;2421,4;577,459
4127;21;47398316;2415,9;-433,931
4128;21;47409808;2411,43;-816,229
4129;21;47421312;2397,13;-1300,887
4130;21;47432800;2381,52;-551,976
4131;21;47444284;2384,45;730,2
4132;21;47455780;2398,3;1234,772
4133;21;47467268;2412,83;998,433
4134;21;47478756;2421,24;-104,856
4135;21;47490252;2410,42;-1419,495
4136;21;47501736;2388,62;-1275,03
4137;21;47513224;2381,13;113,992
4138;21;47524720;2391,24;1118,364
4139;21;47536204;2406,83;1502,611
4140;21;47547700;2425,77;1566,469
4141;21;47559192;2442,84;1770,543
4142;21;47570676;2466,45;1596,763
4143;21;47582176;2479,54;-106,975
4144;21;47593672;2463,99;-1573,107
4145;21;47605156;2443,39;-1870,103
4146;21;47616644;2421,03;-1240,644
4147;21;47628136;2414,88;766,62
4148;21;47639628;2438,65;2694,014
4149;21;47651124;2476,81;2849,252
4150;21;47662620;2504,16;1292,878
4151;0;47674096;2506,51;-1031,332
4152;0;47685600;2480,46;-3333,913
4153;0;47697084;2429,87;-3784,819
4154;0;47708576;2393,5;-2713,266
4155;0;47720060;2367,53;-1968,418
4156;22;47731564;2348,25;-942,231
4157;22;47743048;2345,87;404,476
4158;22;47754532;2357,54;1529,688
4159;22;47766020;2381,01;2351,533
4160;22;47777500;2411,55;1934,824
4161;22;47789004;2425,48;242,735
4162;22;47800488;2417,13;-628,372
4163;22;47811984;2411,04;10,885
4164;22;47823456;2417,38;211,488
4165;22;47834964;2415,9;97,408
4166;22;47846452;2419,62;595,735
4167;22;47857944;2429,59;698,869
4168;22;47869432;2435,68;833,188
4169;22;47880916;2448,73;1674,787
4170;22;47892420;2474,18;1563,424
4171;22;47903904;2484,67;126,197
4172;22;47915400;2477,08;-1276,985
4173;22;47926880;2455,33;-2259,398
4174;22;47938384;2425,15;-2297,321
4175;22;47949872;2402,51;-1295,684
4176;22;47961368;2395,37;434,65
4177;22;47972856;2412,5;2526,119
4178;22;47984340;2453,4;3388,318
4179;22;47995832;2490,35;2527,406
4180;22;48007328;2511,5;1046,451
4181;22;48018824;2514,41;-723,112
4182;22;48030312;2494,88;-2252,786
4183;22;48041800;2462,65;-2545,249
4184;22;48053296;2436,38;-800,418
4185;22;48064788;2444,25;946,205
4186;22;48076272;2458,12;618,144
4187;22;48087760;2458,45;-120,498
4188;22;48099260;2455,35;302,226
4189;22;48110756;2465,4;1529,156
4190;22;48122240;2490,49;2179,554
4191;22;48133724;2515,46;1034,123
4192;22;48145216;2514,25;-1013,137
4193;22;48156712;2492,17;-1522,798
4194;22;48168200;2479,25;-648,825
4195;22;48179692;2477,26;-262,448
4196;22;48191176;2473,22;-542,74
4197;22;48202668;2464,79;-305,43
4198;22;48214160;2466,2;678,534
4199;22;48225644;2480,38;1520,453
4200;22;48237140;2501,14;1695,667
4201;22;48248632;2519,36;1204,751
4202;22;48260124;2528,83;690,601
4203;22;48271612;2535,23;134,006
4204;22;48283108;2531,91;-903,394
4205;22;48294592;2514,47;-1147,955
4206;22;48306088;2505,53;-559,52
4207;22;48317576;2501,61;-499,217
4208;22;48329064;2494,06;-671,453
4209;22;48340556;2486,18;200,174
4210;22;48352044;2498,66;1743,387
4211;22;48363540;2526,25;2129,307
4212;22;48375028;2547,6;1513,055
4213;0;48386520;2561,02;397,44
4214;0;48398000;2556,73;-1472,764
4215;0;48409504;2527,17;-2773,138
4216;0;48420992;2492,97;-2778,068
4217;0;48432484;2463,33;-1874,674
4218;23;48443972;2449,89;359,941
4219;23;48455460;2471,6;2758,876
4220;23;48466956;2513,3;2119,234
4221;23;48478440;2520,3;-171,018
4222;23;48489936;2509,37;-565,176
4223;23;48501424;2507,31;-111,836
4224;23;48512916;2506,8;114,427
4225;23;48524408;2509,94;584,653
4226;23;48535904;2520,24;1085,538
4227;23;48547392;2534,89;1633,008
4228;23;48558880;2557,76;1511,051
4229;23;48570376;2569,62;489,036
4230;23;48581864;2569;-612,92
4231;23;48593348;2555,54;-1188,86
4232;23;48604844;2541,68;-690,12
4233;23;48616344;2539,67;663,825
4234;23;48627832;2556,94;1864,34
4235;23;48639328;2582,52;1519,488
4236;23;48650820;2591,87;-301,567
4237;23;48662308;2575,59;-1203,22
4238;23;48673800;2564,22;90,917
4239;23;48685296;2577,68;1457,789
4240;23;48696780;2597,72;1789,882
4241;23;48708264;2618,79;1663,766
4242;23;48719764;2635,96;1276,54
4243;23;48731248;2648,13;191,906
4244;23;48742744;2640,37;-1530,799
4245;23;48754236;2612,94;-1412,968
4246;23;48765724;2607,9;1056,504
4247;23;48777208;2637,21;2620,519
4248;23;48788708;2668,13;1500,696
4249;0;48800204;2671,72;-1264,583
4250;0;48811680;2639,08;-3564,339
4251;0;48823176;2589,84;-3581,434
4252;24;48834668;2556,75;-1163,651
4253;24;48846164;2563,09;1454,308
4254;24;48857648;2590,17;2518,27
4255;24;48869152;2620,98;2176,788
4256;24;48880636;2640,21;1495,648
4257;24;48892132;2655,35;1387,439
4258;24;48903628;2672,11;1140,359
4259;0;48915116;2681,56;26,545
4260;0;48926608;2672,72;-1541,609
4261;0;48938092;2646,14;-2819,843
4262;0;48949588;2607,92;-3311,14
4263;0;48961072;2570,05;-2957,949
4264;0;48972560;2539,97;-1696,258
4265;0;48984052;2531,07;734,859
4266;0;48995544;2556,86;2449,539
4267;0;49007040;2587,38;1533,507
4268;0;49018524;2592,1;231,465
4269;0;49030024;2592,7;258,876
4270;0;49041508;2598,05;414,781
4271;0;49053000;2602,23;-45,676
4272;0;49064496;2597;-1226,284
4273;0;49075980;2574,05;-2023,333
4274;0;49087468;2550,52;-2081,448
4275;0;49098964;2526,21;-1812,054
4276;0;49110464;2508,85;-98,364
4277;0;49121940;2523,95;1476,501
4278;0;49133444;2542,78;1462,502
4279;0;49144928;2557,57;1146,214
4280;0;49156424;2569,12;823,181
4281;0;49167912;2576,49;547,528
4282;0;49179400;2581,7;-369,452
4283;0;49190892;2568;-1487,38
4284;0;49202380;2547,52;-736,343
4285;0;49213884;2551,07;728,333
4286;0;49225364;2564,26;885,553
4287;0;49236864;2571,42;678,062
4288;0;49248356;2579,85;17,838
4289;0;49259848;2571,83;-957,623
4290;0;49271340;2557,84;-1086,843
4291;0;49282832;2546,85;-1038,113
4292;0;49294324;2533,98;-542,305
4293;0;49305808;2534,39;484,769
4294;0;49317304;2545,12;936,304
4295;0;49328792;2555,91;1508,178
4296;0;49340292;2579,79;1774,713
4297;0;49351776;2596,7;1085,727
4298;0;49363272;2604,74;-191,839
4299;0;49374764;2592,29;-1869,452
4300;0;49386252;2561,78;-2440,797
4301;0;49397736;2536,22;-1802,437
4302;0;49409232;2520,36;-887,7
4303;0;49420728;2515,81;-2,611
4304;0;49432216;2520,3;1163,185
4305;0;49443708;2542,54;2286,808
4306;0;49455200;2572,86;1936,228
4307;0;49466696;2587,05;301,619
4308;0;49478176;2579,79;-1123,781
4309;0;49489672;2561,23;-1858,473
4310;0;49501168;2537,06;-1417,261
4311;0;49512660;2528,65;-383,745
4312;0;49524152;2528,24;251,523
4313;0;49535640;2534,43;795,474
4314;0;49547132;2546,52;596,398
4315;0;49558628;2548,14;-178,82
4316;0;49570116;2542,41;-708,754
4317;0;49581612;2531,85;-1102,749
4318;25;49593104;2517,06;-1160,979
4319;25;49604584;2505,18;-481,372
4320;25;49616080;2506;785,329
4321;25;49627568;2523,23;1796,657
4322;25;49639056;2547,28;2198,973
4323;25;49650556;2573,78;1990,95
4324;25;49662040;2593,04;757,444
4325;25;49673528;2591,18;-1456,159
4326;25;49685032;2559,56;-2742,216
4327;25;49696524;2528,12;-1774,025
4328;25;49708008;2518,8;47,884
4329;25;49719496;2529,22;1208,877
4330;25;49730988;2546,58;1282,855
4331;25;49742476;2558,7;1190,621
4332;25;49753976;2573,95;1263,923
4333;25;49765460;2587,75;468,587
4334;25;49776960;2584,72;-1184,302
4335;25;49788444;2560,53;-2156,103
4336;25;49799932;2535,19;-1757,004
4337;25;49811432;2520,14;-570,099
4338;25;49822928;2522,08;544,481
4339;25;49834408;2532,65;657,208
4340;25;49845904;2537,18;-68,708
4341;25;49857404;2531,07;-607,92
4342;25;49868884;2523,21;-637,511
4343;25;49880384;2516,42;6,526
4344;25;49891868;2523,36;767,021
4345;25;49903356;2534,04;778,368
4346;25;49914852;2541,25;1066,458
4347;25;49926348;2558,56;1618,082
4348;25;49937836;2578,44;1322,48
4349;25;49949320;2588,94;509,751
4350;25;49960808;2590,15;28,716
4351;25;49972304;2589,6;-107,882
4352;25;49983796;2587,67;-123,129
4353;25;49995288;2586,77;-50,923
4354;25;50006772;2586,5;-488,166
4355;25;50018272;2575,55;-695,894
4356;25;50029764;2570,5;1,741
4357;25;50041248;2575,59;172,414
4358;25;50052732;2574,46;-55,691
4359;25;50064232;2574,31;-72,186
4360;25;50075728;2572,8;-164,926
4361;25;50087212;2570,52;-252,002
4362;25;50098704;2567,01;-750,305
4363;25;50110176;2553,29;-728,586
4364;25;50121680;2550,27;1102,174
4365;25;50133176;2578,64;2687,99
4366;25;50144660;2612,04;2471,259
4367;25;50156140;2635,39;1628,392
4368;25;50167652;2649,48;133,525
4369;25;50179132;2638,46;-1767,932
4370;25;50190628;2608,86;-2239,864
4371;25;50202120;2586,97;-1288,301
4372;25;50213604;2579,26;432,91
4373;25;50225104;2596,92;2477,387
4374;25;50236600;2636,23;3236,343
4375;25;50248096;2671,33;2692,743
4376;25;50259584;2698,12;1445,17
4377;0;50271076;2704,54;-564,306
4378;0;50282568;2685,15;-2545,7
4379;0;50294052;2646,05;-3037,517
4380;0;50305544;2615,36;-1848,015
4381;26;50317028;2603,59;162,779
4382;26;50328520;2619,1;1941,883
4383;26;50340016;2648,23;1731,037
4384;26;50351512;2658,9;19,582
4385;26;50362996;2648,68;-1180,362
4386;26;50374488;2631,78;-1097,529
4387;26;50385984;2623,45;30,01
4388;26;50397480;2632,47;567,45
4389;26;50408964;2636,49;574,277
4390;26;50420448;2645,66;1383,33
4391;26;50431952;2668,29;1167,16
4392;26;50443444;2672,5;-73,12
4393;26;50454928;2666,61;483,983
4394;26;50466420;2683,62;1851,288
4395;26;50477912;2709,16;2146,153
4396;26;50489396;2732,93;1549,608
4397;0;50500892;2744,77;421,236
4398;0;50512376;2742,61;-666,028
4399;0;50523864;2729,47;-1235,862
4400;0;50535364;2714,2;-1315,698
4401;0;50546848;2699,23;-1822,889
4402;0;50558344;2672,31;-2300,296
4403;0;50569832;2646,36;-1959,53
4404;27;50581324;2627,28;-1054,898
4405;27;50592820;2622,11;416,812
4406;27;50604308;2636,86;1750,348
4407;27;50615804;2662,34;1730,2
4408;27;50627288;2676,62;900,94
4409;27;50638780;2683,04;517,842
4410;27;50650268;2688,52;8,267
4411;27;50661764;2683,23;-360,686
4412;27;50673252;2680,23;254,001
4413;27;50684756;2689,07;1199,53
4414;27;50696236;2707,8;1919,293
4415;27;50707728;2733,16;1386,811
4416;0;50719224;2739,68;-195,421
4417;0;50730704;2728,67;-1558,419
4418;0;50742196;2703,88;-2591,368
4419;0;50753688;2669,11;-2403,445
4420;0;50765188;2648,62;-963,546
4421;0;50776676;2646,96;780,38
4422;0;50788164;2666,55;2168,03
4423;0;50799660;2696,79;1505,568
4424;0;50811152;2701,16;-717,766
4425;0;50822648;2680,29;-1763,272
4426;0;50834132;2660,64;-1148,425
4427;0;50845636;2653,89;-100,017
4428;0;50857128;2658,34;615,974
4429;0;50868624;2668,05;987,552
4430;0;50880104;2681,03;1048,05
4431;0;50891600;2692,13;547,052
4432;0;50903100;2693,61;308,911
4433;0;50914584;2699,23;501,741
4434;0;50926080;2705,14;377,35
4435;0;50937560;2707,9;555,265
4436;0;50949060;2717,9;401,809
4437;0;50960556;2717,14;-582,144
4438;0;50972044;2704,52;-1370,799
4439;0;50983528;2685,65;-1888,377
4440;0;50995032;2661,11;-2187,391
4441;0;51006528;2635,34;-1626,349
4442;0;51018016;2623,73;-207,536
4443;0;51029512;2630,57;456,563
4444;0;51040992;2634,22;-201,044
4445;0;51052492;2625,95;-1131,895
4446;0;51063980;2608,2;-1951,071
4447;0;51075464;2581,13;-1503,046
4448;0;51086960;2573,66;75,678
4449;0;51098456;2582,87;1138,42
4450;0;51109948;2599,83;1508,703
4451;0;51121436;2617,54;821,441
4452;0;51132932;2618,71;-666,986
4453;0;51144420;2602,21;-2248,521
4454;0;51155916;2567,03;-2739,815
4455;0;51167396;2539,26;-1646,214
4456;0;51178896;2529,2;-341,977
4457;0;51190380;2531,4;250,218
4458;0;51201876;2534,95;787,802
4459;0;51213368;2549,51;1887,835
4460;0;51224860;2578,34;1580,665
4461;0;51236352;2585,84;-48,311
4462;0;51247836;2577,23;-1215,628
4463;0;51259336;2557,9;-2232,516
4464;0;51270828;2525,9;-2692,743
4465;0;51282320;2496,01;-2147,832
4466;0;51293800;2476,56;-760,397
4467;0;51305308;2478,53;529,315
4468;0;51316792;2488,73;766,754
4469;0;51328288;2496,15;509,396
4470;0;51339780;2500,44;845,665
4471;0;51351264;2515,58;1425,836
4472;0;51362756;2533,2;884,374
4473;0;51374252;2535,91;-415,869
4474;0;51385744;2523,64;-748,042
4475;0;51397232;2518,72;-198,869
4476;0;51408724;2519,07;-187,554
4477;0;51420212;2514,41;195,319
4478;0;51431712;2523,56;1533,142
4479;0;51443204;2549,66;1410,357
4480;0;51454692;2555,97;-425,152
4481;0;51466184;2539,89;-2104,507
4482;0;51477676;2507,6;-2759,746
4483;28;51489168;2476,46;-1699,739
4484;28;51500656;2468,54;192,709
4485;28;51512156;2480,89;905,135
4486;28;51523636;2489,34;124,913
4487;28;51535132;2483,76;-463,72
4488;28;51546624;2478,68;-231,981
4489;28;51558108;2478,43;997,477
4490;28;51569612;2501,61;2166,406
4491;28;51581100;2528,24;1797,841
4492;28;51592584;2542,91;1020,808
4493;28;51604072;2551,69;-103,568
4494;28;51615564;2540,53;-1459,892
4495;28;51627060;2518,13;-1407,011
4496;28;51638556;2508,18;106,179
4497;28;51650040;2520,57;1709,037
4498;28;51661528;2547,44;2523,491
4499;28;51673028;2578,58;2235,422
4500;28;51684508;2598,81;530,554
4501;28;51696004;2590,77;-1556,136
4502;28;51707488;2563,05;-2731,07
4503;28;51718984;2528,01;-2236,384
4504;28;51730476;2511,64;-514,706
4505;28;51741968;2516,18;1291,543
4506;28;51753464;2541,33;2323,355
4507;28;51764952;2569,58;1717,009
4508;28;51776440;2580,78;1355,962
4509;28;51787932;2600,74;1434,662
4510;0;51799428;2613,76;158,778
4511;0;51810920;2604,39;-1238,688
4512;0;51822412;2585,29;-1998,347
4513;0;51833904;2558,46;-2357,752
4514;0;51845400;2531,09;-1661,734
4515;0;51856880;2520,28;38,321
4516;0;51868364;2531,97;1605,465
4517;0;51879864;2557,18;2107,186
4518;0;51891352;2580,41;1711,214
4519;0;51902836;2596,49;441,688
4520;0;51914332;2590,56;-787,802
4521;0;51925824;2578,38;-1656,076
4522;0;51937308;2552,51;-2350,74
4523;0;51948804;2524,36;-2310,804
4524;0;51960300;2499,38;-896,867
4525;0;51971784;2503,75;1566,852
4526;0;51983276;2535,38;2710,98
4527;0;51994772;2566,07;1815,808
4528;0;52006252;2577,1;86,627
4529;0;52017744;2568,06;-1269,365
4530;0;52029232;2547,93;-1916,754
4531;0;52040736;2523,99;-1561,684
4532;0;52052220;2512,03;-47,014
4533;0;52063708;2522,91;1402,28
4534;0;52075204;2544,26;2014,964
4535;0;52086696;2569,23;1485,993
4536;0;52098192;2578,42;-541,928
4537;0;52109688;2556,77;-2143,603
4538;0;52121172;2529,16;-1538,127
4539;0;52132664;2521,43;785,466
4540;0;52144152;2547,21;2383,417
4541;0;52155652;2576,22;1653,324
4542;0;52167136;2585,21;139,3
4543;0;52178624;2579,42;-1149,295
4544;0;52190124;2558,79;-2003,219
4545;0;52201612;2533,37;-1574,251
4546;0;52213100;2522,62;-716,089
4547;0;52224584;2516,92;-767,758
4548;0;52236076;2504,98;-865,82
4549;29;52247568;2497,02;-483,197
4550;29;52259048;2493,88;234,633
4551;29;52270540;2502,41;1077,459
4552;29;52282028;2518,64;1287,206
4553;29;52293520;2531,99;1036,554
4554;29;52305008;2542,46;521,323
4555;29;52316500;2543,97;-47,433
4556;29;52327988;2541,37;-281,984
4557;29;52339480;2537,49;334,522
4558;29;52350976;2549,06;860,748
4559;29;52362460;2557,27;287,641
4560;29;52373956;2555,67;17,838
4561;29;52385444;2557,68;-174,874
4562;29;52396944;2551,65;-676,44
4563;29;52408432;2542,13;-26,101
4564;29;52419932;2551,05;1757,615
4565;29;52431412;2582,52;2607,485
4566;29;52442912;2610,97;1614,91
4567;29;52454404;2619,65;646,537
4568;29;52465896;2625,83;-365,907
4569;29;52477388;2611,24;-2147,084
4570;29;52488876;2576,49;-2734,076
4571;29;52500372;2548,4;-1702,627
4572;29;52511864;2537,35;-621,737
4573;29;52523356;2534,11;196,189
4574;29;52534852;2541,86;935,271
4575;29;52546344;2555,61;974,93
4576;29;52557828;2564,26;667,653
4577;29;52569320;2570,95;508,18
4578;29;52580812;2575,94;23,938
4579;29;52592296;2571,5;-261,097
4580;29;52603792;2569,94;-144,373
4581;29;52615292;2568,18;-572,808
4582;29;52626784;2556,77;-1075,344
4583;29;52638280;2543,46;-134,441
4584;29;52649768;2553,68;1177,341
4585;29;52661264;2570,52;903,394
4586;29;52672748;2574,44;197,162
4587;29;52684240;2575,05;-221,613
4588;29;52695716;2569,35;-537,517
4589;29;52707216;2562,7;-897,704
4590;29;52718708;2548,71;-1285,888
4591;29;52730204;2533,14;-316,742
4592;29;52741692;2541,43;2066,939
4593;29;52753180;2580,63;3747,17
4594;29;52764664;2627,51;2910,357
4595;0;52776160;2647,51;734,552
4596;0;52787644;2644,39;-1395,855
4597;0;52799128;2615,45;-2974,16
4598;0;52810632;2576,02;-2780,532
4599;0;52822120;2551,52;-1261,312
4600;0;52833616;2547,03;-749,652
4601;0;52845104;2534,29;-1331,564
4602;30;52856604;2516,42;-1300,887
4603;30;52868096;2504,38;-392,584
4604;30;52879580;2507,4;1354,62
4605;30;52891084;2535,52;2420,828
4606;30;52902568;2563,05;1413,649
4607;30;52914060;2568;-149,669
4608;30;52925552;2559,61;-1116,67
4609;30;52937048;2542,33;-1387,439
4610;30;52948544;2527,71;-739,516
4611;30;52960036;2525,33;353,351
4612;30;52971524;2535,83;898,607
4613;30;52983016;2545,98;727,716
4614;30;52994500;2552,55;807,224
4615;30;53005996;2564,53;1014,089
4616;30;53017496;2575,87;1185,63
4617;30;53028988;2591,79;1069,812
4618;30;53040472;2600,45;-248,085
4619;30;53051964;2586,09;-1807,103
4620;30;53063448;2558,93;-2415,608
4621;30;53074952;2530,56;-1816,087
4622;30;53086448;2517,16;-488,251
4623;30;53097932;2519,34;366,098
4624;30;53109420;2525,57;600,313
4625;30;53120920;2533,14;896,834
4626;30;53132412;2546,19;842,907
4627;30;53143900;2552,51;-108,771
4628;30;53155396;2543,69;-662,955
4629;30;53166888;2537,27;-20,891
4630;30;53178372;2543,21;1187,533
4631;30;53189860;2564,55;2262,008
4632;30;53201356;2595,2;2297,65
4633;30;53212840;2617,35;1204,751
4634;30;53224340;2622,89;-231,03
4635;30;53235824;2612,04;-1009,925
4636;30;53247312;2599,69;-676,558
4637;30;53258808;2596,49;611,295
4638;30;53270296;2613,74;1717,308
4639;30;53281780;2635,94;893,976
4640;30;53293272;2634,28;266,707
4641;30;53304764;2642,07;440,178
4642;30;53316240;2644,39;-171,424
4643;30;53327748;2638,13;-690,555
4644;30;53339236;2628,51;-1302,437
4645;30;53350728;2608,2;-1543,785
4646;30;53362212;2593,04;-1074,6
4647;30;53373704;2583,51;-52,636
4648;30;53385200;2591,83;1330,259
4649;30;53396692;2614,09;1870,103
4650;30;53408172;2634,79;1363,834
4651;0;53419664;2645,42;-221,458
4652;0;53431156;2629,7;-1525,409
4653;0;53442648;2610,36;-1586,438
4654;0;53454132;2593,25;-1260,881
4655;0;53465624;2581,39;-1025,853
4656;0;53477108;2569,68;-631,203
4657;0;53488596;2566,89;520,453
4658;0;53500088;2581,64;1313,729
4659;0;53511584;2597,09;649,922
4660;0;53523060;2596,57;-810,846
4661;0;53534560;2578,46;-1841,51
4662;0;53546052;2554,23;-1724,378
4663;31;53557548;2538,82;-1018,535
4664;31;53569036;2530,82;-273,812
4665;31;53580520;2532,53;1069,254
4666;31;53592024;2555,4;2579,607
4667;31;53603508;2591,83;2485,637
4668;31;53615000;2612,51;1047,433
4669;31;53626488;2615,9;-796,938
4670;31;53637988;2594,19;-2015,133
4671;31;53649484;2569,56;-1381,155
4672;31;53660976;2562,44;-234,157
4673;31;53672460;2564,18;299,008
4674;31;53683952;2569,31;954,142
4675;31;53695444;2586,11;1255,438
4676;31;53706940;2598,17;139,179
4677;31;53718436;2589,31;-1250,87
4678;31;53729916;2569,43;-1206,701
4679;31;53741416;2561,58;62,641
4680;31;53752904;2570,87;437,261
4681;31;53764400;2571,63;230,12
4682;31;53775892;2576,16;833,043
4683;31;53787376;2590,77;859,008
4684;31;53798872;2595,9;375,413
4685;31;53810364;2599,4;7,832
4686;31;53821856;2596,08;-697,492
4687;31;53833332;2583,38;-561,26
4688;31;53844840;2583,18;311,304
4689;31;53856332;2590,54;941,361
4690;31;53867828;2604,82;1104,246
4691;31;53879316;2615,92;294,655
4692;31;53890804;2611,59;-1094,239
4693;31;53902300;2590,77;-1593,282
4694;31;53913788;2574,97;-599,217
4695;31;53925280;2577;455,416
4696;31;53936756;2585,43;906,163
4697;31;53948256;2597,82;684,467
4698;31;53959752;2601,17;128,808
4699;31;53971236;2600,78;503,481
4700;31;53982732;2612,74;1754,745
4701;31;53994208;2641,09;2242,685
4702;0;54005700;2664,25;735,166
4703;0;54017196;2657,99;-1625,196
4704;0;54028688;2626,89;-2752,917
4705;0;54040168;2594,75;-2098,782
4706;0;54051668;2578,66;-93,962
4707;0;54063156;2592,59;1754,134
4708;0;54074648;2618,97;2144,1
4709;0;54086140;2641,87;1218,228
4710;0;54097624;2646,96;-775,892
4711;0;54109120;2624,04;-2703,691
4712;0;54120600;2584,84;-3256,745
4713;0;54132100;2549,2;-1480,338
4714;0;54143588;2550,81;1791,123
4715;0;54155080;2590,36;3251,392
4716;0;54166572;2625,54;2017,758
4717;0;54178056;2636,72;176,675
4718;0;54189552;2629,6;-1461,271
4719;0;54201036;2603,14;-2033,153
4720;0;54212536;2582,87;-795,059
4721;0;54224028;2584,86;257,091
4722;0;54235524;2588,78;144,473
4723;0;54247008;2588,18;-553,718
4724;0;54258496;2576,06;-1415,448
4725;0;54269976;2555,67;-1106,372
4726;0;54281472;2550,64;46,981
4727;0;54292964;2556,75;487,635
4728;0;54304440;2561,84;393,019
4729;0;54315940;2565,78;272,269
4730;0;54327432;2568,1;2,611
4731;0;54338916;2565,84;-98,398
4732;0;54350400;2565,84;410,935
4733;0;54361888;2575,28;551,976
4734;0;54373372;2578,52;-48,303
4735;0;54384868;2574,17;-556,909
4736;0;54396356;2565,72;-765,546
4737;0;54407832;2556,59;-1158,165
4738;0;54419332;2539,11;-1083,667
4739;0;54430828;2531,67;129,678
4740;0;54442312;2542,09;1357,777
4741;0;54453792;2562,85;2057,799
4742;0;54465288;2589,37;2295,51
4743;0;54476776;2615,61;1450,827
4744;0;54488268;2622,71;-292,863
4745;0;54499756;2608,88;-1173,807
4746;0;54511236;2595,75;-153,665
4747;0;54522728;2605,35;895,405
4748;0;54534220;2616,33;920,366
4749;0;54545708;2626,5;813,741
4750;0;54557188;2635,02;-130,226
4751;0;54568668;2623,51;-1821,702
4752;0;54580172;2593,15;-2159,823
4753;0;54591656;2573,86;-374,304
4754;0;54603148;2584,55;1786,958
4755;0;54614628;2614,91;2300,627
4756;0;54626120;2637,4;1182,768
4757;0;54637608;2642,09;-383,879
4758;0;54649096;2628,58;-1824,63
4759;0;54660588;2600,16;-2440,373
4760;0;54672072;2572,51;-2085,799
4761;0;54683572;2552,22;-1235,862
4762;0;54695060;2544,1;40,042
4763;0;54706548;2553,14;825,788
4764;0;54718032;2563,07;858,436
4765;0;54729520;2572,86;924,282
4766;0;54741012;2584,31;1252,393
4767;0;54752500;2601,64;1289,396
4768;0;54763984;2613,93;524,208
4769;0;54775468;2613,68;-366,034
4770;0;54786960;2605,52;-1032,457
4771;0;54798452;2589,95;-1275,244
4772;0;54809936;2576,22;-843,777
4773;0;54821432;2570,56;577,793
4774;0;54832920;2589,5;2111,769
4775;0;54844408;2619,08;1728,927
4776;0;54855888;2629,21;57,886
4777;0;54867384;2620,41;-1803,621
4778;0;54878864;2587,77;-2963,173
4779;0;54890356;2552,34;-2177,223
4780;32;54901852;2537,72;330,402
4781;32;54913328;2559,93;2409,859
4782;32;54924816;2593,06;1908,743
4783;32;54936296;2603,77;923,733
4784;32;54947788;2614,28;671,57
4785;32;54959272;2619,2;-252,873
4786;32;54970764;2608,47;-768,628
4787;32;54982248;2601,54;366,905
4788;32;54993740;2616,9;1841,922
4789;32;55005224;2643,86;1721,932
4790;32;55016720;2656,47;209,748
4791;32;55028204;2648,68;-1524,826
4792;32;55039680;2621,46;-1943,767
4793;32;55051180;2604,02;-609,554
4794;32;55062664;2607,45;1080,07
4795;32;55074160;2628,84;1871,628
4796;32;55085644;2650,46;1062,413
4797;32;55097136;2653,25;104,457
4798;32;55108620;2652,86;-421,456
4799;32;55120104;2643,57;-544,481
4800;32;55131596;2640,35;16,98
4801;32;55143072;2643,96;439,154
4802;32;55154572;2650,44;1159,502
4803;32;55166056;2670,61;1913,403
4804;32;55177552;2694,41;1757,615
4805;32;55189036;2711;1200,993
4806;32;55200508;2721,98;1136,364
4807;32;55212004;2737,1;517,571
4808;32;55223500;2733,88;-943,158
4809;32;55234980;2715,43;-1157,698
4810;32;55246468;2707,29;-225,888
4811;32;55257956;2710,24;99,199
4812;32;55269452;2709,57;595,735
4813;32;55280936;2723,93;1669,568
4814;32;55292428;2747,93;1770,851
4815;32;55303908;2764,61;550,044
4816;32;55315408;2760,57;-504,264
4817;32;55326892;2753,02;-359,258
4818;32;55338372;2752,32;501,48
4819;32;55349864;2764,54;1440,567
4820;32;55361356;2785,43;1487,639
4821;0;55372840;2798,72;433,136
4822;0;55384328;2795,38;-994,343
4823;0;55395820;2775,87;-1895,246
4824;0;55407296;2751,85;-1575,122
4825;0;55418796;2739,68;-333,275
4826;0;55430280;2744,19;1111,595
4827;0;55441772;2765,22;1944,638
4828;0;55453256;2788,87;1314,415
4829;0;55464748;2795,42;-553,864
4830;0;55476240;2776,14;-2401,218
4831;0;55487728;2740,24;-2235,33
4832;0;55499212;2724,79;-304,772
4833;0;55510696;2733,24;1298,73
4834;0;55522196;2754,64;1199,53
4835;0;55533680;2760,81;33,084
4836;0;55545168;2755,4;-690,286
4837;0;55556656;2744,95;-1508,966
4838;0;55568144;2720,73;-2320,714
4839;33;55579636;2691,62;-1070,496
4840;33;55591124;2696,13;1622,127
4841;33;55602612;2728,89;2449,06
4842;33;55614092;2752,38;2312,816
4843;33;55625584;2782,02;1945,17
4844;33;55637072;2797,08;-174,155
4845;0;55648552;2778,02;-2088,993
4846;0;55660040;2749,1;-2462,57
4847;0;55671528;2721,44;-1597,911
4848;0;55683020;2712,38;414,201
4849;0;55694512;2730,96;1690,024
4850;0;55705996;2751,21;1046,927
4851;0;55717484;2755,01;235,069
4852;0;55728968;2756,61;-264,578
4853;0;55740464;2748,93;-1217,145
4854;0;55751948;2728,64;-1272,64
4855;0;55763432;2719,7;-219,436
4856;0;55774916;2723,6;440,895
4857;0;55786408;2729,83;534,906
4858;0;55797892;2735,89;1004,526
4859;0;55809384;2752,91;735,55
4860;0;55820868;2752,79;-399,983
4861;0;55832360;2743,72;-344,708
4862;0;55843844;2744,87;87,483
4863;0;55855336;2745,73;275,022
4864;0;55866824;2751,19;-436,618
4865;0;55878308;2735,7;-1754,439
4866;0;55889800;2710,88;-1842,792
4867;0;55901284;2693,36;-1409,732
4868;0;55912776;2678,49;-519,673
4869;0;55924260;2681,42;1041,957
4870;0;55935752;2702,43;1832,898
4871;0;55947240;2723,54;1014,278
4872;0;55958724;2725,73;-40,47
4873;0;55970220;2722,61;171,513
4874;0;55981696;2729,67;658,078
4875;0;55993196;2737,73;781,712
4876;0;56004684;2747,64;689,535
4877;0;56016168;2753,57;-473,102
4878;0;56027660;2736,77;-2239,202
4879;0;56039136;2702,14;-3140,233
4880;0;56050636;2664,62;-3321,006
4881;0;56062120;2625,81;-1972,836
4882;0;56073608;2619,3;1330,315
4883;0;56085092;2656,37;2855,465
4884;0;56096592;2684,93;877,567
4885;0;56108076;2676,54;-1377,72
4886;0;56119572;2653,27;-2354,221
4887;0;56131056;2622,44;-2576,628
4888;0;56142540;2594,09;-2069,401
4889;0;56154024;2574,91;-1072,237
4890;0;56165520;2569,45;-557,876
4891;0;56177004;2562,09;-939,404
4892;0;56188492;2547,87;-1100,957
4893;0;56199984;2536,79;-969,37
4894;0;56211476;2525,59;-392,584
4895;0;56222960;2527,77;923,298
4896;0;56234448;2546,8;1697,004
4897;0;56245924;2566,74;827,82
4898;0;56257424;2565,82;-394,187
4899;0;56268908;2557,68;-659,704
4900;0;56280404;2550,66;-950,661
4901;0;56291892;2535,83;-1185,379
4902;0;56303384;2523,42;-910,792
4903;0;56314872;2514,9;-398,242
4904;0;56326360;2514,27;330,838
4905;0;56337844;2522,5;278,746
4906;0;56349320;2520,67;-1024,369
4907;0;56360824;2498,96;-2151,932
4908;0;56372304;2471,21;-2301,532
4909;0;56383800;2446,08;-2080,286
4910;0;56395272;2423,43;-1289,845
4911;0;56406764;2416,46;71,354
4912;0;56418256;2425,07;906,321
4913;0;56429736;2437,28;1370,799
4914;0;56441228;2456,56;1058,429
4915;0;56452704;2461,59;-710,118
4916;0;56464196;2440,25;-2648,364
4917;0;56475688;2400,72;-2811,14
4918;0;56487176;2375,65;-1246,301
4919;0;56498668;2372,08;-82,753
4920;0;56510136;2373,75;494,95
4921;0;56521640;2383,45;658,055
4922;0;56533128;2388,88;671,687
4923;0;56544612;2398,88;836,235
4924;0;56556100;2408,09;588,107
4925;0;56567584;2412,39;-28,721
4926;0;56579080;2407,43;-921,236
4927;0;56590564;2391,22;-1796,345
4928;0;56602060;2366,15;-2166,115
4929;0;56613536;2341,46;-1348,398
4930;0;56625028;2335,18;-334,204
4931;0;56636516;2333,78;130,158
4932;0;56648000;2338,17;287,792
4933;0;56659484;2340,39;-139,324
4934;0;56670968;2334,97;-456,999
4935;0;56682460;2329,89;-165,767
4936;0;56693952;2331,16;477,372
4937;0;56705440;2340,86;167,595
4938;0;56716924;2335,01;-1090,458
4939;0;56728412;2315,81;-1573,865
4940;34;56739912;2298,83;-874,521
4941;34;56751396;2295,71;908,933
4942;34;56762884;2319,71;2649,774
4943;34;56774364;2356,57;2974,491
4944;34;56785856;2388,04;1820,912
4945;34;56797336;2398,4;-140,146
4946;34;56808832;2384,82;-1831,593
4947;34;56820316;2356,31;-2465,61
4948;34;56831804;2328,18;-1273,076
4949;34;56843284;2327,07;941,638
4950;34;56854764;2349,8;2768,588
4951;34;56866256;2390,67;3602,647
4952;34;56877736;2432,56;2756,444
4953;34;56889224;2453,98;224,186
4954;34;56900708;2437,71;-2497,389
4955;34;56912208;2396,58;-2830,23
4956;34;56923692;2372,66;-657,436
4957;34;56935176;2381,48;1789,882
4958;34;56946660;2413,77;2590,125
4959;34;56958144;2440,97;1692,355
4960;34;56969628;2452,64;389,808
4961;34;56981104;2449,92;-1137,67
4962;34;56992596;2426,51;-1955,178
4963;34;57004084;2404,99;-878,025
4964;34;57015568;2406,34;1617,468
4965;34;57027052;2442,14;3247,822
4966;34;57038528;2480,91;2667,189
4967;34;57050020;2503,4;1050,914
4968;34;57061508;2505,06;-843,054
4969;34;57072996;2484,03;-2362,877
4970;34;57084480;2450,78;-2513,93
4971;34;57095968;2426,28;-858,858
4972;34;57107464;2431,04;1614,293
4973;34;57118944;2463,37;2207,572
4974;34;57130444;2481,77;486,595
4975;34;57141920;2474,55;-1196,883
4976;34;57153412;2454,28;-1352,01
4977;34;57164908;2443,47;-151,436
4978;34;57176392;2450,8;1515,152
4979;34;57187876;2478,27;2475,196
4980;34;57199372;2507,68;1760,226
4981;34;57210856;2518,72;-310,813
4982;34;57222344;2500,54;-1901,985
4983;34;57233832;2475,02;-1180,773
4984;34;57245312;2473,42;527,072
4985;34;57256808;2487,13;1576,314
4986;34;57268296;2509,65;1103,325
4987;34;57279784;2512,48;-591,819
4988;34;57291276;2496,05;-1693,52
4989;34;57302748;2473,59;-1410,602
4990;34;57314252;2463,64;877,849
4991;34;57325736;2493,77;2848,564
4992;34;57337232;2529,1;2335,916
4993;34;57348712;2547,44;959,864
4994;34;57360204;2551,15;-123,978
4995;34;57371700;2544,59;-1013,925
4996;34;57383184;2527,85;-1190,787
4997;34;57394668;2517,24;393,087
4998;34;57406156;2536,88;2157,469
4999;34;57417644;2566,81;1890,127
5000;34;57429128;2580,3;762,402
5001;0;57440624;2584,33;102,662
5002;0;57452116;2582,66;-527,072
5003;0;57463600;2572,22;-1478,242
5004;0;57475096;2548,69;-1496,084
5005;0;57486580;2537,84;-402,734
5006;0;57498064;2539,44;325,178
5007;0;57509552;2545,31;453,438
5008;0;57521044;2549,86;513,055
5009;0;57532532;2557,1;444,812
5010;0;57544020;2560,08;197,701
5011;0;57555496;2561,64;-178,945
5012;0;57566988;2555,97;-909,051
5013;0;57578476;2540,75;-1363,399
5014;0;57589960;2524,65;-1018,631
5015;0;57601448;2517,35;165,854
5016;0;57612932;2528,46;891,8
5017;0;57624424;2537,84;487,03
5018;0;57635908;2539,65;590,949
5019;0;57647404;2551,42;754,003
5020;0;57658892;2556,98;-344,768
5021;0;57670376;2543,5;-1267,845
5022;0;57681868;2527,85;-1059,802
5023;0;57693352;2519,15;178,416
5024;0;57704848;2531,95;1191,658
5025;0;57716320;2546,52;831,302
5026;0;57727824;2551,05;500
5027;0;57739300;2558,01;393,156
5028;0;57750792;2560,08;-734,117
5029;0;57762280;2541,14;-1310,291
5030;0;57773764;2529,98;642,621
5031;0;57785264;2555,91;2254,612
5032;0;57796748;2581,8;1151,602
5033;0;57808232;2582,36;-1054,579
5034;0;57819724;2557,57;-1783,104
5035;0;57831220;2541,37;-602,263
5036;0;57842704;2543,73;445,76
5037;0;57854192;2551,61;465,268
5038;0;57865680;2554,42;-989,293
5039;0;57877168;2528,88;-3279,509
5040;0;57888656;2479,07;-4534,134
5041;0;57900136;2424,74;-4158,106
5042;0;57911628;2383,55;-2610,966
5043;0;57923116;2364,74;-1295,071
5044;0;57934592;2353,81;-458,029
5045;0;57946084;2354,22;245,474
5046;0;57957568;2359,45;-58,342
5047;0;57969052;2352,88;-1271,777
5048;0;57980528;2330,25;-2584,001
5049;0;57992028;2293,51;-3527,594
5050;0;58003504;2249,2;-4215,157
5051;0;58014988;2196,73;-4574,7
5052;0;58026476;2144,11;-4116,469
5053;0;58037964;2102,15;-2901,654
5054;0;58049456;2077,43;-1997,302
5055;0;58060940;2056,26;-1843,342
5056;0;58072436;2035,07;-1892,845
5057;0;58083916;2012,77;-2633,206
5058;0;58095408;1974,58;-3833,536
5059;0;58106900;1924,66;-4941,243
5060;0;58118384;1861,05;-5301,672
5061;0;58129872;1802,87;-4485,896
5062;0;58141356;1758;-3546,927
5063;0;58152844;1721,39;-3131,419
5064;0;58164336;1686,04;-3757,183
5065;0;58175816;1635,08;-4742,641
5066;0;58187300;1577,13;-5228,38
5067;0;58198804;1514,89;-5793,457
5068;0;58210288;1443,95;-6404,127
5069;0;58221772;1367,8;-6554,336
5070;0;58233256;1293,41;-5769,767
5071;0;58244740;1235,28;-4262,53
5072;0;58256240;1195,44;-3382,788
5073;0;58267724;1157,53;-3762,622
5074;0;58279216;1108,99;-4415,375
5075;0;58290696;1056,1;-5093,641
5076;0;58302176;992,04;-5838,566
5077;0;58313628;922,21;-6131,212
5078;0;58325116;851,39;-6213,44
5079;0;58336604;779,45;-5630,333
5080;0;58348088;722,05;-4606,477
5081;0;58359576;673,63;-3935,346
5082;0;58371072;631,6;-3535,503
5083;0;58382560;592,37;-3407,033
5084;0;58394048;553,32;-3370,474
5085;0;58405536;514,93;-3467,096
5086;0;58417024;473,66;-3567,636
5087;0;58428512;432,96;-3516,89
5088;0;58439996;392,87;-3279,781
5089;0;58451480;357,63;-2771,635
5090;0;58462968;329,2;-2385,137
5091;0;58474464;302,81;-2056,648
5092;0;58485952;281,93;-1640,543
5093;0;58497432;265,13;-1121,32
5094;0;58508916;256,18;-922,427
5095;0;58520404;243,94;-947,24
5096;0;58531888;234,42;-719,011
5097;0;58543380;227,42;-678,534
5098;0;58554864;218,83;-681,383
5099;0;58566348;211,77;-709,871
5100;0;58577840;202,52;-646,102
5101;0;58589332;196,92;-237,639
5102;0;58600816;197,06;-78,819
5103;0;58612296;195,11;83,971
5104;0;58623800;198,99;181,431
5105;0;58635280;199,28;111,44
5106;0;58646772;201,55;-90,094
5107;0;58658256;197,21;-479,363
5108;0;58669740;190,54;-725,975
5109;0;58681232;180,53;-910,08
5110;0;58692716;169,63;-875,979
5111;0;58704212;160,4;-675,805
5112;0;58715696;154,1;-565,233
5113;0;58727176;147,42;-642,845
5114;0;58738672;139,33;-718,886
5115;0;58750156;130,9;-534,657
5116;0;58761640;127,05;-342,83
5117;0;58773112;123,03;-502,003
5118;0;58784608;115,52;-564,207
5119;0;58796100;110,06;-417,029
5120;0;58807580;105,94;-413,547
5121;0;58819072;100,56;-339,485
5122;0;58830556;98,14;-255,974
5123;0;58842004;94,69;-285,141
5124;0;58853492;91,6;-247,258
5125;0;58864976;89,01;-128,875
5126;0;58876460;88,64;-83,986
5127;0;58887956;87,08;-79,213
5128;0;58899436;86,82;13,492
5129;0;58910932;87,39;13,059
5130;0;58922408;87,12;-18,731
5131;0;58933888;86,96;51,802
5132;0;58945380;88,31;-141,838
5133;0;58956872;83,7;-330,287
5134;0;58968360;80,72;-65,286
5135;0;58979848;82,2;-18,722
5136;0;58991328;80,29;-52,673
5137;0;59002820;80,99;0,87
5138;0;59014304;80,31;-6,092
5139;0;59025800;80,85;7,399
5140;0;59037280;80,48;73,133
5141;0;59048772;82,53;228,499
5142;0;59060256;85,73;312,554
5143;0;59071744;89,71;370,386
5144;0;59083232;94,24;199,774
5145;0;59094720;94,3;27,85
5146;0;59106212;94,88;68,767
5147;0;59117696;95,88;-34,825
5148;0;59129184;94,08;-355,277
5149;0;59140664;87,72;-535,683
5150;0;59152164;81,77;-481,121
5151;0;59163652;76,66;-396,501
5152;0;59175140;72,66;-170,613
5153;0;59186628;72,74;-58,788
5154;0;59198104;71,31;119,69
5155;0;59209604;75,49;406,076
5156;0;59221080;80,64;119,753
5157;0;59232568;78,24;-105,364
5158;0;59244048;78,22;108,847
5159;0;59255536;80,74;347,258
5160;0;59267028;86,2;244,996
5161;0;59278516;86,37;31,326
5162;0;59290012;86,92;106,216
5163;0;59301488;88,81;321,261
5164;0;59312984;94,3;437,337
5165;0;59324468;98,86;246,736
5166;0;59335964;99,97;386,423
5167;0;59347448;107,74;591,968
5168;0;59358972;113,59;617,938
5169;0;59370460;121,96;950,661
5170;0;59381956;135,44;1013,925
5171;0;59393440;145,26;909,091
5172;0;59404924;156,32;876,697
5173;0;59416424;165,41;526,362
5174;0;59427912;168,42;-58,332
5175;0;59439396;164,07;-420,732
5176;0;59450872;158,76;-399,39
5177;0;59462356;154,9;-483,983
5178;0;59473848;147,64;-323,703
5179;0;59485340;147,46;-53,534
5180;0;59496824;146,41;-66,191
5181;0;59508304;145,94;141,017
5182;0;59519800;149,65;382,942
5183;0;59531284;154,74;443,225
5184;0;59542768;159,83;90,98
5185;0;59554256;156,83;-263,364
5186;0;59565740;153,78;-243,775
5187;0;59577228;151,23;-151,898
5188;0;59588716;150,29;-160,602
5189;0;59600204;147,54;-84,886
5190;0;59611688;148,34;33,948
5191;0;59623180;148,32;-135,794
5192;0;59634664;145,22;-65,297
5193;0;59646152;146,82;78,792
5194;0;59657636;147,03;167,218
5195;0;59669116;150,66;402,524
5196;0;59680616;156,28;393,317
5197;0;59692100;159,7;333,827
5198;0;59703592;163,95;270,717
5199;0;59715076;165,92;142,807
5200;0;59726560;167,23;185,814
5201;0;59738056;170,19;138,381
5202;0;59749540;170,41;-101,845
5203;0;59761032;167,85;-99,704
5204;0;59772508;168,12;76,602
5205;0;59784008;169,61;-123,564
5206;0;59795492;165,28;-325,614
5207;0;59806980;162,13;-439,23
5208;0;59818464;155,19;-643,069
5209;0;59829948;147,36;-684,508
5210;0;59841444;139,46;-565,077
5211;0;59852936;134,37;-319,029
5212;0;59864420;132,13;-171,513
5213;0;59875908;130,43;43,951
5214;0;59887400;133,14;287,641
5215;0;59898888;137,04;174,186
5216;0;59910364;137,14;65,732
5217;0;59921860;138,55;160,546
5218;0;59933348;140,83;289,432
5219;0;59944836;145,2;115,338
5220;0;59956324;143,48;-141,912
5221;0;59967808;141,94;-260,707
5222;0;59979300;137,49;-378,854
5223;0;59990772;133,24;-347,5
5224;0;60002264;129,51;-339,861
5225;0;60013752;125,43;-28,721
5226;0;60025244;128,85;104,493
5227;0;60036720;127,83;-116,208
5228;0;60048220;126,18;-29,586
5229;0;60059704;127,15;162,779
5230;0;60071196;129,92;177,546
5231;0;60082684;131,23;20,46
5232;0;60094168;130,39;-141,017
5233;0;60105660;127,99;-296,396
5234;0;60117144;123,58;-347,5
5235;0;60128624;120,01;-282,23
5236;0;60140104;117,1;-290,252
5237;0;60151604;113,34;-178,789
5238;0;60163092;112,99;-49,182
5239;0;60174580;112,21;-215,877
5240;0;60186068;108,03;-498,258
5241;0;60197540;100,77;-317,834
5242;0;60209036;100,73;175,713
5243;0;60220532;104,81;464,752
5244;0;60232016;111,41;172,384
5245;0;60243504;108,77;-305,101
5246;0;60254992;104,4;-380,463
5247;0;60266476;100,03;-354,032
5248;0;60277956;96,27;-273,901
5249;0;60289404;93,75;-270,848
5250;0;60300884;90,06;-301,724
5251;0;60312372;86,82;-162,722
5252;0;60323868;86,32;-133,136
5253;0;60335356;83,76;-173,224
5254;0;60346844;82,34;-101,028
5255;0;60358320;81,44;-130,158
5256;0;60369816;79,35;-24,8
5257;0;60381304;80,87;310,759
5258;0;60392792;86,49;399,983
5259;0;60404280;90,06;165,012
5260;0;60415760;90,28;140,171
5261;0;60427252;93,28;208,007
5262;0;60438740;95,06;280,39
5263;0;60450220;99,72;325,235
5264;0;60461708;102,53;89,022
5265;0;60473248;101,77;196,683
5266;0;60484740;107,06;449,243
5267;0;60496220;112,09;93,222
5268;0;60507696;109,2;-597,807
5269;0;60519204;98,35;-915,548
5270;0;60530644;88,19;-582,795
5271;0;60542128;84,99;-253,352
5272;0;60553616;82,37;-146,24
5273;0;60565104;81,63;-100,94
5274;0;60576600;80,05;80,07
5275;0;60588084;83,47;352,603
5276;0;60599572;88,15;280,292
5277;0;60611060;89,91;12,622
5278;0;60622548;88,44;-185,379
5279;0;60634040;85,65;-157,093
5280;0;60645528;84,83;-157,066
5281;0;60657024;82,04;-247,736
5282;0;60668496;79,14;-312,5
5283;0;60680000;74,86;-302,279
5284;0;60691488;72,19;-0,871
5285;0;60702972;74,84;20,46
5286;0;60714460;72,66;-2,611
5287;0;60725952;74,78;96,623
5288;0;60737436;74,88;-108,355
5289;0;60748932;72,29;-273,281
5290;0;60760416;68,6;-159,815
5291;0;60771896;68,62;-93,543
5292;0;60783400;66,45;-234,511
5293;0;60794880;63,23;-159,324
5294;0;60806372;62,79;-104,439
5295;0;60817860;60,83;-191,069
5296;0;60829348;58,4;-44,822
5297;0;60840840;59,8;39,607
5298;0;60852324;59,31;-30,467
5299;0;60863816;59,1;63,98
5300;0;60875300;60,78;38,294
5301;0;60886796;59,98;-224,978
5302;0;60898280;55,61;-255,049
5303;0;60909772;54,12;-17,838
5304;0;60921264;55,2;44,41
5305;0;60932740;55,14;51,802
5306;0;60944236;56,39;36,56
5307;0;60955716;55,98;20,021
5308;0;60967212;56,85;161,88
5309;0;60978696;59,7;220,268
5310;0;60990184;61,91;54,386
5311;0;61001680;60,95;-16,104
5312;0;61013160;61,54;162,4
5313;0;61024648;64,68;93,189
5314;0;61036124;63,68;-68,791
5315;0;61047616;63,1;88,338
5316;0;61059104;65,71;210,618
5317;0;61070596;67,94;-22,632
5318;0;61082080;65,19;-126,72
5319;0;61093560;65,03;8,268
5320;0;61105060;65,38;-69,602
5321;0;61116548;63,43;-78,778
5322;0;61128036;63,57;-116,249
5323;0;61139516;60,76;-246,344
5324;0;61151012;57,91;-16,098
5325;0;61162500;60,39;8,269
5326;0;61173988;58,1;16,974
5327;0;61185476;60,78;64,002
5328;0;61196956;59,57;51,802
5329;0;61208448;61,97;52,645
5330;0;61219940;60,78;-130,136
5331;0;61231424;58,98;19,154
5332;0;61242912;61,22;-10,875
5333;0;61254412;58,73;-98,346
5334;0;61265892;58,96;12,626
5335;0;61277380;59,02;-22,201
5336;0;61288864;58,45;-24,813
5337;0;61300352;58,45;-9,137
5338;0;61311848;58,24;-82,231
5339;0;61323336;56,56;-13,492
5340;0;61334824;57,93;218,489
5341;0;61346312;61,58;60,084
5342;0;61357792;59,31;-92,689
5343;0;61369292;59,45;1,741
5344;0;61380772;59,35;119,732
5345;0;61392260;62,2;158,046
5346;0;61403740;62,98;46,57
5347;0;61415236;63,27;100,94
5348;0;61426724;65,3;69,626
5349;0;61438216;64,87;49,173
5350;0;61449704;66,43;142,807
5351;0;61461184;68,15;196,223
5352;0;61472688;70,94;-2,61
5353;0;61484172;68,09;-235,151
5354;0;61495652;65,54;-129,746
5355;0;61507140;65,11;41,333
5356;0;61518636;66,49;105,346
5357;0;61530112;67,53;0,87
5358;0;61541612;66,51;-83,522
5359;0;61553100;65,61;-50,94
5360;0;61564580;65,34;4,353
5361;0;61576072;65,71;114,863
5362;0;61587564;67,98;128,395
5363;0;61599048;68,66;-52,7
5364;0;61610524;66,77;-27,415
5365;0;61622028;68,03;40,463
5366;0;61633508;67,7;-151,08
5367;0;61644996;64,56;-342,096
5368;0;61656484;59,84;-129,723
5369;0;61667968;61,58;96,623
5370;0;61679460;62,06;13,492
5371;0;61690944;61,89;-104,493
5372;0;61702428;59,66;-218,413
5373;0;61713928;56,87;-94,044
5374;0;61725396;57,5;135,453
5375;0;61736888;59,98;235,857
5376;0;61748376;62,92;-40,042
5377;0;61759864;59,06;-296,603
5378;0;61771336;56,11;17,842
5379;0;61782844;59,47;66,968
5380;0;61794332;57,65;-38,321
5381;0;61805808;58,59;149,8
5382;0;61817296;61,09;202,091
5383;0;61828768;63,23;-5,225
5384;0;61840264;60,97;-64,393
5385;0;61851752;61,75;136,664
5386;0;61863240;64,11;14,368
5387;0;61874720;62,08;-139,373
5388;0;61886200;60,91;3,482
5389;0;61897696;62,16;2,611
5390;0;61909184;60,97;-94,011
5391;0;61920672;60;2,613
5392;0;61932144;61,03;25,248
5393;0;61943644;60,58;-17,832
5394;0;61955136;60,62;16,971
5395;0;61966624;60,97;-144,499
5396;0;61978112;57,3;-133,229
5397;0;61989592;57,91;87,483
5398;0;62001088;59,31;-17,838
5399;0;62012576;57,5;-112,726
5400;0;62024064;56,72;80,547
5401;0;62035544;59,35;105,327
5402;0;62047040;59,14;-88,322
5403;0;62058528;57,32;26,105
5404;0;62070024;59,74;174,095
5405;0;62081504;61,32;46,167
5406;0;62092984;60,8;3,483
5407;0;62104476;61,4;-57,856
5408;0;62115972;59,47;-142,708
5409;0;62127460;58,12;-171,543
5410;0;62138940;55,53;4,352
5411;0;62150436;58,22;314,132
5412;0;62161924;62,75;273,281
5413;0;62173416;64,5;26,98
5414;0;62184904;63,37;-182,428
5415;0;62196384;60,31;-90,078
5416;0;62207884;61,3;-135,77
5417;0;62219364;57,19;-367,032
5418;0;62230852;52,87;-20,456
5419;0;62242340;56,72;455,099
5420;0;62253836;63,33;340,296
5421;0;62265320;64,54;80,982
5422;0;62276804;65,19;-125,805
5423;0;62288292;61,65;-73,12
5424;0;62299780;63,51;74,835
5425;0;62311276;63,37;-89,177
5426;0;62322768;61,46;-151,898
5427;0;62334252;59,88;6,096
5428;0;62345732;61,6;158,074
5429;0;62357216;63,51;113,557
5430;0;62368716;64,21;-56,106
5431;0;62380208;62,22;-174,935
5432;0;62391696;60,19;-90,996
5433;0;62403176;60,13;33,078
5434;0;62414672;60,95;61,347
5435;0;62426160;61,54;-198,468
5436;0;62437648;56,39;-151,489
5437;0;62449132;58,06;186,879
5438;0;62460604;60,68;85,742
5439;0;62472108;60,03;-0,87
5440;0;62483592;60,66;50,479
5441;0;62495088;61,19;-58,747
5442;0;62506572;59,31;-18,709
5443;0;62518072;60,76;105,327
5444;0;62529548;61,73;13,492
5445;0;62541048;61,07;-110,966
5446;0;62552528;59,18;-83,174
5447;0;62564012;59,16;91,384
5448;0;62575508;61,28;106,161
5449;0;62586996;61,6;76,602
5450;0;62598484;63,04;67,073
5451;0;62609956;63,14;-73,99
5452;0;62621460;61,34;-112,213
5453;0;62632948;60,56;-38,301
5454;0;62644436;60,46;-60,063
5455;0;62655924;59,18;-107,503
5456;0;62667412;57,99;-47,006
5457;0;62678900;58,1;139,227
5458;0;62690396;61,19;165,767
5459;0;62701884;61,91;-36,573
5460;0;62713364;60,35;-148,006
5461;0;62724856;58,51;23,491
5462;0;62736352;60,89;121,41
5463;0;62747836;61,3;65,732
5464;0;62759324;62,4;28,305
5465;0;62770800;61,95;-31,767
5466;0;62782304;61,67;-6,961
5467;0;62793784;61,79;-78,805
5468;0;62805272;59,86;6,964
5469;0;62816760;61,95;205,468
5470;0;62828244;64,58;26,11
5471;0;62839740;62,55;-141,838
5472;0;62851228;61,32;36,56
5473;0;62862716;63,39;-18,722
5474;0;62874196;60,89;-232,892
5475;0;62885688;58,04;-91,368
5476;0;62897180;58,79;61,358
5477;0;62908668;59,45;115,338
5478;0;62920156;61,44;-16,104
5479;0;62931644;59,08;-15,236
5480;0;62943128;61,09;133,182
5481;0;62954620;62,14;-62,206
5482;0;62966116;59,66;-83,13
5483;0;62977596;60,23;49,626
5484;0;62989088;60,8;74,848
5485;0;63000576;61,95;60,933
5486;0;63012064;62,2;-33,084
5487;0;63023548;61,19;-68,767
5488;0;63035040;60,62;129,633
5489;0;63046536;64,17;184,976
5490;0;63058016;64,87;58,777
5491;0;63069504;65,52;-232,416
5492;0;63080992;59,53;-278,503
5493;0;63092484;59,12;13,488
5494;0;63103976;59,84;-63,98
5495;0;63115460;57,65;-34,825
5496;0;63126948;59,04;128,462
5497;0;63138424;60,6;90,094
5498;0;63149924;61,11;-30,445
5499;0;63161416;59,9;-18,712
5500;0;63172904;60,68;65,286
5501;0;63184392;61,4;109,737
5502;0;63195868;63,2;-5,224
5503;0;63207364;61,28;-115,733
5504;0;63218852;60,54;-67,038
5505;0;63230336;59,74;3,483
5506;0;63241820;60,62;25,679
5507;0;63253312;60,33;-35,677
5508;0;63264804;59,8;25,244
5509;0;63276288;60,91;20,456
5510;0;63287780;60,27;-31,332
5511;0;63299268;60,19;20,46
5512;0;63310752;60,74;93,592
5513;0;63322240;62,34;88,338
5514;0;63333732;62,77;-7,833
5515;0;63345220;62,16;-178,478
5516;0;63356704;58,67;-36,566
5517;0;63368192;61,32;84,856
5518;0;63379684;60,62;-35,683
5519;0;63391172;60,5;111,479
5520;0;63402648;63,18;-49,19
5521;0;63414144;59,37;-116,583
5522;0;63425636;60,5;75,744
5523;0;63437116;61,11;79,227
5524;0;63448608;62,32;63,567
5525;0;63460084;62,57;73,568
5526;0;63471580;64,01;47,433
5527;0;63483064;63,66;-242,778
5528;0;63494564;58,43;-198,433
5529;0;63506044;59,1;22,201
5530;0;63517536;58,94;79,634
5531;0;63529024;60,93;89,224
5532;0;63540512;60,99;-102,734
5533;0;63551996;58,57;-46,578
5534;0;63563484;59,92;-26,114
5535;0;63574972;57,97;-73,12
5536;0;63586460;58,24;71,379
5537;0;63597948;59,61;78,805
5538;0;63609428;60,05;-55,294
5539;0;63620916;58,34;-76,997
5540;0;63632416;58,28;122,238
5541;0;63643904;61,15;130,571
5542;0;63655392;61,28;-38,314
5543;0;63666872;60,27;-74,425
5544;0;63678368;59,57;49,165
5545;0;63689856;61,4;29,606
5546;0;63701336;60,25;-202,891
5547;0;63712824;56,74;-74,848
5548;0;63724316;58,53;44,814
5549;0;63735808;57,77;18,715
5550;0;63747292;58,96;73,133
5551;0;63758780;59,45;34,831
5552;0;63770260;59,76;58,757
5553;0;63781756;60,8;102,698
5554;0;63793240;62,12;86,612
5555;0;63804732;62,79;-61,793
5556;0;63816220;60,7;-94,446
5557;0;63827708;60,62;-50,035
5558;0;63839204;59,55;77,445
5559;0;63850692;62,4;67,038
5560;0;63862176;61,09;-88,415
5561;0;63873652;60,37;-46,127
5562;0;63885156;60,03;-7,83
5563;0;63896640;60,19;222,88
5564;0;63908128;65,15;134,053
5565;0;63919616;63,27;-279,422
5566;0;63931104;58,73;-98,329
5567;0;63942600;61,01;207,209
5568;0;63954076;63,49;83,13
5569;0;63965576;62,92;-160,574
5570;0;63977056;59,8;-176,706
5571;0;63988552;58,86;33,066
5572;0;64000040;60,56;23,942
5573;0;64011524;59,41;-40,049
5574;0;64023012;59,64;26,989
5575;0;64034496;60,03;-12,624
5576;0;64045984;59,35;-107,466
5577;0;64057480;57,56;-22,193
5578;0;64068964;58,84;153,665
5579;0;64080452;61,09;146,265
5580;0;64091936;62,2;-91,819
5581;0;64103432;58,98;-129,243
5582;0;64114916;59,23;114,052
5583;0;64126404;61,6;141,912
5584;0;64137888;62,49;0
5585;0;64149380;61,6;1,741
5586;0;64160868;62,53;-74,861
5587;0;64172356;59,88;-155,407
5588;0;64183840;58,96;10,885
5589;0;64195324;60,13;112,213
5590;0;64206832;61,54;-20,442
5591;0;64218316;59,66;-129,288
5592;0;64229804;58,57;97,109
5593;0;64241280;61,89;58,777
5594;0;64252772;59,92;-34,801
5595;0;64264268;61,09;127,96
5596;0;64275748;62,86;12,628
5597;0;64287232;61,38;-144,909
5598;0;64298728;59,53;2,61
5599;0;64310224;61,44;-23,934
5600;0;64321708;58,98;-114,507
5601;0;64333192;58,81;124,978
5602;0;64344672;61,85;87,948
5603;0;64356160;60,83;-68,767
5604;0;64367648;60,27;-7,396
5605;0;64379144;60,66;-12,622
5606;0;64390624;59,98;81,432
5607;0;64402108;62,53;107,485
5608;0;64413604;62,45;-16,098
5609;0;64425092;62,16;-191,069
5610;0;64436580;58,06;-356,583
5611;0;64448060;53,97;-9,142
5612;0;64459552;57,85;335,944
5613;0;64471040;61,69;129,655
5614;0;64482536;60,83;-24,369
5615;0;64494020;61,13;16,98
5616;0;64505504;61,22;-81,81
5617;0;64517000;59,25;-71,827
5618;0;64528476;59,57;-67,061
5619;0;64539964;57,71;-24,808
5620;0;64551452;59;126,742
5621;0;64562924;60,62;-61,804
5622;0;64574428;57,58;-97,442
5623;0;64585912;58,38;88,368
5624;0;64597400;59,61;145,804
5625;0;64608888;61,73;-8,702
5626;0;64620384;59,41;-89,192
5627;0;64631872;59,68;89,255
5628;0;64643352;61,46;42,653
5629;0;64654848;60,66;32,213
5630;0;64666324;62,2;-9,579
5631;0;64677816;60,44;-183,203
5632;0;64689304;57,99;-40,484
5633;0;64700788;59,51;77,077
5634;0;64712268;59,76;-45,265
5635;0;64723764;58,47;104,42
5636;0;64735252;62,16;196,292
5637;0;64746740;62,98;-76,18
5638;0;64758224;60,41;-62,685
5639;0;64769712;61,54;50,914
5640;0;64781204;61,58;117,058
5641;0;64792692;64,23;104,457
5642;0;64804180;63,98;-112,35
5643;0;64815656;61,65;-88,353
5644;0;64827156;61,95;90,047
5645;0;64838644;63,72;100,975
5646;0;64850132;64,27;53,534
5647;0;64861620;64,95;-91,012
5648;0;64873096;62,18;-134,947
5649;0;64884592;61,85;-33,937
5650;0;64896080;61,4;-39,178
5651;0;64907564;60,95;-116,228
5652;0;64919052;58,73;-162,779
5653;0;64930540;57,21;-11,316
5654;0;64942028;58,47;132,312
5655;0;64953516;60,25;153,203
5656;0;64965004;61,99;2,613
5657;0;64976480;60,31;-62,25
5658;0;64987976;60,56;27,845
5659;0;64999464;60,95;94,463
5660;0;65010948;62,73;-15,233
5661;0;65022440;60,6;-101,01
5662;0;65033916;60,41;-15,231
5663;0;65045420;60,25;-89,161
5664;0;65056908;58,36;-82,26
5665;0;65068396;58,36;81,418
5666;0;65079876;60,23;142,322
5667;0;65091372;61,63;-40,028
5668;0;65102860;59,31;-221,497
5669;0;65114352;56,54;31,332
5670;0;65125840;60,03;251,742
5671;0;65137312;62,32;177,577
5672;0;65148816;64,11;-45,225
5673;0;65160308;61,28;-188,523
5674;0;65171784;59,78;-57,501
5675;0;65183264;59,96;12,62
5676;0;65194764;60,07;-1,741
5677;0;65206240;59,92;-29,612
5678;0;65217728;59,39;4,786
5679;0;65229224;60,03;-46,578
5680;0;65240700;58,32;-108,355
5681;0;65252204;57,54;27,85
5682;0;65263680;58,96;36,566
5683;0;65275176;58,38;69,614
5684;0;65286664;60,56;167,218
5685;0;65298140;62,22;50,932
5686;0;65309636;61,73;-32,191
5687;0;65321128;61,48;-20,453
5688;0;65332616;61,26;8,274
5689;0;65344092;61,67;43,531
5690;0;65355588;62,26;130,136
5691;0;65367068;64,66;-141,937
5692;0;65378556;59;-258,14
5693;0;65390040;58,73;163,242
5694;0;65401528;62,75;241,907
5695;0;65413024;64,29;16,098
5696;0;65424512;63,12;-198,869
5697;0;65436004;59,72;-89,239
5698;0;65447484;61,07;21,334
5699;0;65458972;60,21;-124,021
5700;0;65470464;58,22;-54,395
5701;0;65481952;58,96;-32,219
5702;0;65493432;57,48;-23,076
5703;0;65504920;58,43;42,218
5704;0;65516408;58,45;59,617
5705;0;65527900;59,8;64,873
5706;0;65539376;59,94;33,101
5707;0;65550860;60,56;-33,09
5708;0;65562344;59,18;-117,018
5709;0;65573848;57,87;23,491
5710;0;65585332;59,72;74,003
5711;0;65596820;59,57;58,788
5712;0;65608296;61,07;33,084
5713;0;65619792;60,33;-89,161
5714;0;65631288;59,02;-19,586
5715;0;65642768;59,88;75,744
5716;0;65654260;60,76;-92,705
5717;0;65665744;57,75;-102,716
5718;0;65677236;58,4;141,838
5719;0;65688728;61,01;60,063
5720;0;65700212;59,78;-36,573
5721;0;65711696;60,17;147,11
5722;0;65723188;63,16;136,641
5723;0;65734676;63,31;-20,456
5724;0;65746164;62,69;-42,218
5725;0;65757652;62,34;-84,916
5726;0;65769128;60,74;-1,742
5727;0;65780620;62,3;-65,709
5728;0;65792108;59,23;-20,449
5729;0;65803604;61,83;189,796
5730;0;65815080;63,59;9,143
5731;0;65826572;62,04;-211,488
5732;0;65838060;58,73;-151,001
5733;0;65849552;58,57;69,638
5734;0;65861036;60,33;100,122
5735;0;65872524;60,87;-82,681
5736;0;65884016;58,43;-130,548
5737;0;65895504;57,87;124,064
5738;0;65906988;61,28;199,373
5739;0;65918476;62,45;-14,363
5740;0;65929964;60,95;-47,433
5741;0;65941456;61,36;-100,087
5742;0;65952944;58,65;-16,107
5743;0;65964428;60,99;159,843
5744;0;65975904;62,32;-23,064
5745;0;65987408;60,46;-164,869
5746;0;65998892;58,53;-35,696
5747;0;66010380;59,64;49,19
5748;0;66021864;59,66;-77,05
5749;0;66033352;57,87;-16,971
5750;0;66044844;59,27;67,015
5751;0;66056332;59,41;173,224
5752;0;66067820;63,25;104,457
5753;0;66079308;61,81;-232,376
5754;0;66090800;57,91;-101,828
5755;0;66102288;59,47;47,449
5756;0;66113772;59;9,143
5757;0;66125256;59,68;22,205
5758;0;66136740;59,51;-27,85
5759;0;66148236;59,04;71,366
5760;0;66159720;61,15;89,208
5761;0;66171216;61,09;-19,592
5762;0;66182688;60,7;-107,958
5763;0;66194188;58,61;-28,276
5764;0;66205676;60,05;133,229
5765;0;66217156;61,67;57,036
5766;0;66228644;61,36;-49,182
5767;0;66240132;60,54;-138,381
5768;0;66251624;58,18;-136,641
5769;0;66263112;57,4;65,297
5770;0;66274596;59,68;108,828
5771;0;66286084;59,9;63,12
5772;0;66297568;61,13;50,914
5773;0;66309064;61,07;35,683
5774;0;66320548;61,95;77,023
5775;0;66332044;62,84;-23,942
5776;0;66343520;61,4;-127,089
5777;0;66355020;59,92;36,541
5778;0;66366508;62,24;54,405
5779;0;66377996;61,17;-71,379
5780;0;66389484;60,6;4,788
5781;0;66400968;61,28;16,104
5782;0;66412460;60,97;9,575
5783;0;66423944;61,5;6,965
5784;0;66435432;61,13;-74,861
5785;0;66446920;59,78;-87,467
5786;0;66458412;59,12;-37,404
5787;0;66469912;58,92;-53,515
5788;0;66481396;57,89;93,592
5789;0;66492884;61,07;211,672
5790;0;66504356;62,75;-20,456
5791;0;66515860;60,6;-124,826
5792;0;66527348;59,88;-164,548
5793;0;66538832;56,82;-73,133
5794;0;66550320;58,2;46,562
5795;0;66561812;57,89;-90,094
5796;0;66573296;56,13;101,828
5797;0;66584792;60,23;155,352
5798;0;66596276;59,7;-41,805
5799;0;66607756;59,27;7,833
5800;0;66619256;59,88;-29,586
5801;0;66630740;58,59;-92,738
5802;0;66642224;57,75;40,049
5803;0;66653712;59,51;140,146
5804;0;66665200;60,97;31,332
5805;0;66676692;60,23;10,879
5806;0;66688180;61,22;101,845
5807;0;66699668;62,57;139,349
5808;0;66711144;64,42;30,461
5809;0;66722648;63,27;-116,127
5810;0;66734136;61,75;-55,71
5811;0;66745624;61,99;-60,944
5812;0;66757108;60,35;-97,945
5813;0;66768596;59,74;-40,042
5814;0;66780084;59,43;7,832
5815;0;66791580;59,92;29,586
5816;0;66803068;60,11;53,553
5817;0;66814548;61,15;-23,503
5818;0;66826044;59,57;-184,508
5819;0;66837528;56,91;-8,706
5820;0;66849016;59,37;144,499
5821;0;66860504;60,23;33,96
5822;0;66871984;60,15;-46,595
5823;0;66883468;59,16;-25,248
5824;0;66894956;59,57;192,81
5825;0;66906444;63,59;167,218
5826;0;66917920;63,41;-100,575
5827;0;66929412;61,28;-55,265
5828;0;66940900;62,14;-24,373
5829;0;66952388;60,72;16,104
5830;0;66963876;62,51;67,897
5831;0;66975364;62,28;-96,606
5832;0;66986856;60,29;-45,265
5833;0;66998340;61,24;94,028
5834;0;67009828;62,45;-122,302
5835;0;67021316;58,43;-177,203
5836;0;67032796;58,38;-16,977
5837;0;67044288;58,04;-77,486
5838;0;67055768;56,6;40,912
5839;0;67067264;58,98;122,323
5840;0;67078740;59,41;48,32
5841;0;67090236;60,09;161,473
5842;0;67101716;63,12;246,301
5843;0;67113216;65,75;-15,231
5844;0;67124696;62,77;-204,633
5845;0;67136184;61,05;-49,617
5846;0;67147672;61,63;106,198
5847;0;67159160;63,49;14,798
5848;0;67170648;61,97;-222,406
5849;0;67182136;58,38;-135,335
5850;0;67193628;58,86;102,698
5851;0;67205116;60,74;39,164
5852;0;67216608;59,76;-45,257
5853;0;67228096;59,7;-31,343
5854;0;67239580;59,04;36,566
5855;0;67251068;60,54;16,974
5856;0;67262556;59,43;109,68
5857;0;67274044;63,06;309,233
5858;0;67285516;66,53;73,145
5859;0;67297012;64,74;-187,489
5860;0;67308504;62,22;-169,337
5861;0;67319984;60,85;-57,046
5862;0;67331468;60,91;-35,714
5863;0;67342944;60,03;-0,871
5864;0;67354436;60,89;67,438
5865;0;67365928;61,58;25,674
5866;0;67377416;61,48;-9,577
5867;0;67388900;61,36;19,596
5868;0;67400380;61,93;37,437
5869;0;67411872;62,22;-30,896
5870;0;67423360;61,22;-36,573
5871;0;67434840;61,38;-12,633
5872;0;67446316;60,93;-97,51
5873;0;67457812;59,14;-99,199
5874;0;67469300;58,65;1,741
5875;0;67480788;59,18;67,038
5876;0;67492272;60,19;-14,801
5877;0;67503760;58,84;-56,136
5878;0;67515252;58,9;26,545
5879;0;67526740;59,45;52,664
5880;0;67538228;60,11;2,611
5881;0;67549716;59,51;-102,752
5882;0;67561196;57,75;-90,964
5883;0;67572692;57,42;-52,645
5884;0;67584180;56,54;-70,521
5885;0;67595664;55,8;49,19
5886;0;67607152;57,67;164,926
5887;0;67618644;59,59;89,255
5888;0;67630120;59,72;-0,871
5889;0;67641608;59,57;30,031
5890;0;67653096;60,41;146,726
5891;0;67664576;62,94;37,872
5892;0;67676068;61,28;17,845
5893;0;67687552;63,35;90,078
5894;0;67699048;63,35;-133,182
5895;0;67710528;60,29;-202,856
5896;0;67722020;58,69;-13,485
5897;0;67733516;59,98;11,747
5898;0;67745004;58,96;-76,615
5899;0;67756488;58,22;110,608
